"nome_dei_beneficiari","titolo_progetto","asse","linea_di_intervento","anno_di_assegnazione_finanziamento","anno_di_pagamento_finale","ammontare_assegnato","totale_importo_pagato_alla_fine_dell_operazione","fund_type","currency","uri"
"AMMINISTRAZIONE PROVINCIALE DI MATERA","76/2009/1 - ADEGUAMENTO SP ES SS 175 (INNESTO EX SS 380 - SS 106 JONICA).","I","I.1.1.A",2009,,"26.000.000,00",,"ERDF","EUR","http://localhost:9999/DOCUMENT_FILE_100421.pdf"
"AMMINISTRAZIONE PROVINCIALE DI POTENZA","76/2009/2 - STRADA DI COLLEGAMENTO TRA LA S.S.V. CANDELA-POTENZA E LA S.S.V. BRADANICA 1° TRONCO (DALLO SVINCOLO DI RIONERO IN VULTURE A VENOSA EST) 3° LOTTO (RIPACANDIDA-GINESTRA) D.G.R. N. 1404 DEL 5.7.2005 .","I","I.1.1.A",2009,,"22.483.000,00",,"ERDF","EUR","http://localhost:9999/DOCUMENT_FILE_100421.pdf"
"COMUNE DI MELFI","73/2009/3 - CAMPUS DI RICERCA ED ALTA FORMAZIONE ""CAMPUS PER L'INNOVAZIONE DEL MANUFACTURING""","II","II.1.1.B",2009,,"5.650.000,00",,"ERDF","EUR","http://localhost:9999/DOCUMENT_FILE_100421.pdf"
"REGIONE BASILICATA","71/2008/6 - CONTRATTO PER L'AFFIDAMENTO TEMPORANEO PER IL CSB ( PERIODO 23/12/2008 - 22/06/2009)","II","II.2.2.C",2008,,"857.558,23",,"ERDF","EUR","http://localhost:9999/DOCUMENT_FILE_100421.pdf"
"REGIONE BASILICATA","71/2009/18 - GIGA RUPAR- EVOLUZIONE DELLA RETE PRIMARIA RUPAR","II","II.2.1.A",2009,2009,"4.337.125,05","4.337.125,05","ERDF","EUR","http://localhost:9999/DOCUMENT_FILE_100421.pdf"
"REGIONE BASILICATA","71/2009/20 - ICAR-BAS REALIZZAZIONE DEL SISTEMA PER L'INTEROPERABILITÀ E LA COOPERAZIONE APPLICATIVA TRA LE REGIONI","II","II.2.1.B",2009,,"497.610,00",,"ERDF","EUR","http://localhost:9999/DOCUMENT_FILE_100421.pdf"
"REGIONE BASILICATA","71/2009/4 - CONTRATTO PER L'AFFIDAMENTO TEMPORANEO CSB PERIODO 23/06/2009-22/10/2009.","II","II.2.2.C",2009,2009,"573.904,48","573.904,47","ERDF","EUR","http://localhost:9999/DOCUMENT_FILE_100421.pdf"
"REGIONE BASILICATA","71/2004/1 - SERVIZI DI ACCESSO RESIDENZIALI PER I CITTADINI DELLA BASILICATA ALLA RETE TELEMATICA REGIONALE","II","II.2.2.A",2009,,"4.950.630,25",,"ERDF","EUR","http://localhost:9999/DOCUMENT_FILE_100421.pdf"
"REGIONE BASILICATA","71/2009/19 - E-BAS SPC - ADEGUAMENTO INFRASTRUTTURALE DEI SERVIZI DI CONNETTIVITÀ E DI SICUREZZA DI RETE DELLA RUPAR BASILICATA IN OTTICA SPC","II","II.2.1.B",2009,2009,"380.846,66","380.846,66","ERDF","EUR","http://localhost:9999/DOCUMENT_FILE_100421.pdf"
"SVILUPPO BASILICATA SpA - FONDO DI GARANZIA - PO FESR 2007-2013 - DGR 2124 DEL 15 DICEMBRE 2009","73/2009/6 - FONDO DI GARANZIA - PO FESR BASILICATA 2007-2013 - DGR 2124 DEL 15 DICEMBRE 2009","II","II.1.1.A",2009,2009,"2.500.000,00","2.500.000,00","ERDF","EUR","http://localhost:9999/DOCUMENT_FILE_100421.pdf"
"SVILUPPO BASILICATA SpA - FONDO DI GARANZIA - PO FESR 2007-2013 - DGR 2124 DEL 15 DICEMBRE 2009","73/2009/10 - FONDO DI GARANZIA - PO FESR BASILICATA 2007-2013 - DGR N° 2124 DEL 15 DICEMBRE 2009","II","II.1.2.C",2009,2009,"500.000,00","500.000,00","ERDF","EUR","http://localhost:9999/DOCUMENT_FILE_100421.pdf"
"SVILUPPO BASILICATA SpA - FONDO DI GARANZIA - PO FESR 2007-2013 - DGR 2124 DEL 15 DICEMBRE 2009","73/2009/7 - FONDO DI GARANZIA - PO FESR BASILICATA 2007 - 2013 - DGR 2124 DEL 15 DICEMBRE 2009","II","II.1.2.A",2009,2009,"2.900.000,00","2.900.000,00","ERDF","EUR","http://localhost:9999/DOCUMENT_FILE_100421.pdf"
"SVILUPPO BASILICATA SpA - FONDO DI GARANZIA - PO FESR 2007-2013 - DGR 2124 DEL 15 DICEMBRE 2009","73/2009/15 - FONDO DI GARANZIA - PO FESR BASILICATA 2007-2013 - DGR N° 2124 DEL 15 DICEMBRE 2009","II","II.2.3.B",2009,2009,"2.400.000,00","2.400.000,00","ERDF","EUR","http://localhost:9999/DOCUMENT_FILE_100421.pdf"
"SVILUPPO BASILICATA SpA - FONDO DI GARANZIA - PO FESR 2007-2013 - DGR 2124 DEL 15 DICEMBRE 2009","73/2009/12 - FONDO DI GARANZIA - PO FESR BASILICATA 2007-2013 - DGR N° 2124 DEL 15 DICEMBRE 2009","II","II.2.3.A",2009,2009,"1.200.000,00","1.200.000,00","ERDF","EUR","http://localhost:9999/DOCUMENT_FILE_100421.pdf"
"SVILUPPO BASILICATA SpA - FONDO DI GARANZIA - PO FESR 2007-2013 - DGR 2124 DEL 15 DICEMBRE 2009","73/2009/8 - FONDO DI GARANZIA - PO FESR BASILICATA 2007-2013 - DGR N° 2124 DEL 15 DICEMBRE 2009","II","II.1.2.B",2009,2009,"2.500.000,00","2.500.000,00","ERDF","EUR","http://localhost:9999/DOCUMENT_FILE_100421.pdf"
"REGIONE BASILICATA","73/2009/1 - SPRINT - SERVIZIO EUROPA","III","III.3.1.A",2009,,"188.494,80",,"ERDF","EUR","http://localhost:9999/DOCUMENT_FILE_100421.pdf"
"SVILUPPO BASILICATA SpA - FONDO DI GARANZIA - PO FESR 2007-2013 - DGR 2124 DEL 15 DICEMBRE 2009","73/2009/18 - FONDO DI GARANZIA - PO FESR BASILICATA 2007-2013 - DGR N° 2124 DEL 15 DICEMBRE 2009","III","III.2.1.A",2009,2009,"2.400.000,00","2.400.000,00","ERDF","EUR","http://localhost:9999/DOCUMENT_FILE_100421.pdf"
"SVILUPPO BASILICATA SpA - FONDO DI GARANZIA - PO FESR 2007-2013 - DGR 2124 DEL 15 DICEMBRE 2009","73/2009/19 - FONDO DI GARANZIA - PO FESR BASILICATA 2007-2013 - DGR N° 2124 DEL 15 DICEMBRE 2009","III","III.2.1.B",2009,2009,"2.600.000,00","2.600.000,00","ERDF","EUR","http://localhost:9999/DOCUMENT_FILE_100421.pdf"
"SVILUPPO BASILICATA SpA - FONDO DI GARANZIA - PO FESR 2007-2013 - DGR 2124 DEL 15 DICEMBRE 2009","73/2009/14 - FONDO DI GARANZIA - PO FESR BASILICATA 2007-2013 - DGR 2124 DEL 15 DICEMBRE 2009","III","III.2.2.A",2009,2009,"1.700.000,00","1.700.000,00","ERDF","EUR","http://localhost:9999/DOCUMENT_FILE_100421.pdf"
"SVILUPPO BASILICATA SpA - FONDO DI GARANZIA - PO FESR 2007-2013 - DGR 2124 DEL 15 DICEMBRE 2009","73/2009/16 - FONDO DI GARANZIA - PO FESR BASILICATA 2007-2013 - DGR 2124 DEL 15 DICEMBRE 2009","III","III.2.2.B",2009,2009,"1.200.000,00","1.200.000,00","ERDF","EUR","http://localhost:9999/DOCUMENT_FILE_100421.pdf"
"SVILUPPO BASILICATA SpA - FONDO DI GARANZIA - PO FESR 2007-2013 - DGR 2124 DEL 15 DICEMBRE 2009","73/2009/11 - FONDO DI GARANZIA - PO FESR BASILICATA 2007-2013 - DGR 2124 DEL 15 DICEMBRE 2009","III","III.2.3.B",2009,2009,"500.000,00","500.000,00","ERDF","EUR","http://localhost:9999/DOCUMENT_FILE_100421.pdf"
"SVILUPPO BASILICATA SpA - FONDO DI GARANZIA - PO FESR 2007-2013 - DGR 2124 DEL 15 DICEMBRE 2009","73/2009/9 - FONDO DI GARANZIA - PO FESR BASILICATA 2007-2013 - DGR 2124 DEL 15 DICEMBRE 2009","III","III.2.3.A",2009,2009,"4.600.000,00","4.600.000,00","ERDF","EUR","http://localhost:9999/DOCUMENT_FILE_100421.pdf"
"AZIENDA DI PROMOZIONE TERRITORIALE DI BASILICATA","73/2009/4 - AZIONI DI COMUNICAZIONE E MARKETING TURISTICO ANNO 2009","IV","IV.1.2.A",2009,,"2.500.000,00",,"ERDF","EUR","http://localhost:9999/DOCUMENT_FILE_100421.pdf"
"AZIENDA DI PROMOZIONE TERRITORIALE DI BASILICATA","73/2009/2 - GRANDI EVENTI NAZIONALI ED INTERNAZIONALI 2009","IV","IV.1.2.B",2009,,"1.350.000,00",,"ERDF","EUR","http://localhost:9999/DOCUMENT_FILE_100421.pdf"
"COMUNE DI CANCELLARA","73/2005/1 - INTERVENTI DI MESSA IN SICUREZZA E RECUPERO DEL CASTELLO ANGIOINO","IV","IV.1.1.A",2009,,"450.000,00",,"ERDF","EUR","http://localhost:9999/DOCUMENT_FILE_100421.pdf"
"COMUNE DI FRANCAVILLA IN SINNI","73/2004/3 - RECUPERO DELLA TURRA - EX CERTOSA DI SAN NICOLA","IV","IV.1.1.A",2009,,"271.538,81",,"ERDF","EUR","http://localhost:9999/DOCUMENT_FILE_100421.pdf"
"COMUNE DI GROTTOLE","73/2004/1 - RESTAURO CONSERVATIVO, VALORIZZAZIONE E FRUIZIONE DELL'EX CONVENTO S. ANTONIO ABATE","IV","IV.1.1.A",2009,,"1.959.957,34",,"ERDF","EUR","http://localhost:9999/DOCUMENT_FILE_100421.pdf"
"COMUNE DI MARATEA","73/2007/1 - COMPLETAMENTO E RIQUALIFICAZIONE URBANA DEL CENTRO STORICO (VIA ROMA) - II° LOTTO FUNZIONALE","IV","IV.1.1.A",2007,,"250.000,00",,"ERDF","EUR","http://localhost:9999/DOCUMENT_FILE_100421.pdf"
"COMUNE DI MARATEA","73/2005/2 - RECUPERO ANTICO MULINO","IV","IV.1.1.A",2009,,"400.000,00",,"ERDF","EUR","http://localhost:9999/DOCUMENT_FILE_100421.pdf"
"COMUNE DI MATERA","73/2004/4 - RESTAURO DEL CONVENTO DI SANTA LUCIA NOVA","IV","IV.1.1.A",2009,2009,"1.902.777,33","1.902.777,33","ERDF","EUR","http://localhost:9999/DOCUMENT_FILE_100421.pdf"
"COMUNE DI SAN MAURO FORTE","73/2007/3 - LAVORI DI RESTAURO CONSERVATIVO DELLA TORRE MEDIEVALE DI SAN MAURO FORTE","IV","IV.1.1.A",2009,,"600.000,00",,"ERDF","EUR","http://localhost:9999/DOCUMENT_FILE_100421.pdf"
"COMUNE DI TEANA","73/2008/2 - PERCORSO DI VISITA DELLE OPERE DEL MAESTRO MARINO DI TEANA","IV","IV.1.1.A",2008,,"400.000,00",,"ERDF","EUR","http://localhost:9999/DOCUMENT_FILE_100421.pdf"
"COMUNE DI TRICARICO","73/2004/2 - COMPLESSO MONUMENTALE CHIESA E CONVENTO DI SANTA CHIARA, TORRE: RESTAURO E ALLESTIMENTO PERCORSO DI VISITA.","IV","IV.1.1.A",2009,,"1.998.519,04",,"ERDF","EUR","http://localhost:9999/DOCUMENT_FILE_100421.pdf"
"COMUNE DI VENOSA","73/2006/1 - LAVORI DI CONSOLIDAMENTO E RESTAURO DELL'EX CONVENTO DI S. DOMENICO","IV","IV.1.1.A",2009,,"800.000,00",,"ERDF","EUR","http://localhost:9999/DOCUMENT_FILE_100421.pdf"
"SOPRINTENDENZA PER I BENI ARCHITETTONICI E PER IL PAESAGGIO DELLA BASILICATA","73/2006/2 - COMPLETAMENTO DEL RECUPERO E VALORIZZAZIONE DEL CASTELLO FEDERICIANO DI MELFI","IV","IV.1.1.A",2009,,"2.300.000,00",,"ERDF","EUR","http://localhost:9999/DOCUMENT_FILE_100421.pdf"
"AMMINISTRAZIONE PROVINCIALE DI MATERA","76/2004/12 - ""MILGIORAMENTO STRUTTURALE E RIMOZIONE BARRIERE ARCHITETTONICHE, LICEO SCIENTIFICO """"V. CARAVELLI"""" DI IRSINA IN VIA ROMA""","VI","VI.1.3.A",2004,,"90.161,41",,"ERDF","EUR","http://localhost:9999/DOCUMENT_FILE_100421.pdf"
"AMMINISTRAZIONE PROVINCIALE DI MATERA","76/2004/11 - ""LAVORI DI MIGLIORAMENTO FUNZIONALE E RIMOZIONE BARRIERE ARCHITETTONICHE, ISTITUTO PROFESSIONALE MASCHILE DI POLICORO""","VI","VI.1.3.A",2004,,"221.911,13",,"ERDF","EUR","http://localhost:9999/DOCUMENT_FILE_100421.pdf"
"AMMINISTRAZIONE PROVINCIALE DI MATERA","76/2005/2 - LAVORI DI MIGLIORAMENTO FUNZIONALE E BARRIERE ARCHITETTONICHE, PROVINCIA DI MATERA ""ISTITUTO PROFESSIONALE MASCHILE DI FERRANDINA""","VI","VI.1.3.A",2009,2009,"350.436,03","350.436,03","ERDF","EUR","http://localhost:9999/DOCUMENT_FILE_100421.pdf"
"AMMINISTRAZIONE PROVINCIALE DI MATERA","76/2004/4 - LAVORI DI MIGLIORAMENTO FUNZIONALE E RIMOZIONEBARRIERE ARCHITETTONICHE, IPSIA DI STIGLIANO IN VIA ROMA","VI","VI.1.3.A",2009,2009,"66.777,93","66.777,93","ERDF","EUR","http://localhost:9999/DOCUMENT_FILE_100421.pdf"
"AMMINISTRAZIONE PROVINCIALE DI MATERA","76/2004/3 - LAVORI DI MIGLIORAMENTO FUNZIONALE E RIMOZIONE BARRIERE ARCHITETTONICHE, LICEO PEDAGOGICO E ISTITUTO MAGISTRALE DI STIGLIANO","VI","VI.1.3.A",2009,2009,"67.703,26","67.703,26","ERDF","EUR","http://localhost:9999/DOCUMENT_FILE_100421.pdf"
"AMMINISTRAZIONE PROVINCIALE DI MATERA","76/2004/1 - LAVORI DI ADEGUAMENTO FUNZIONLAE E RIMOZIONE BARRIERE ARCHITETTONICHE, ISTITUTO TECNICO INDUSTRIALE ""F. CASSOLA"" DI FERRANDINA","VI","VI.1.3.A",2009,,"157.564,02",,"ERDF","EUR","http://localhost:9999/DOCUMENT_FILE_100421.pdf"
"AMMINISTRAZIONE PROVINCIALE DI MATERA","76/2008/18 - LAVORI DI MIGLIORAMENTO STRUTTURALE ED ELIMINAZIONE BARRIERE ARCHITETTONICHE DELL'IPSIA MASCHILE/FEMMINILE AZIENDALE TURISTICO DI STIGLIANO","VI","VI.1.3.A",2008,,"100.000,00",,"ERDF","EUR","http://localhost:9999/DOCUMENT_FILE_100421.pdf"
"AMMINISTRAZIONE PROVINCIALE DI POTENZA","76/2006/8 - LAVORI DI POTENZIAMENTO FUNZIONALE ED ELIMINAZIONE BARRIERE ARCHITETTONICHE DELL'EDIFICIO SCOLASTICO I.P.S.I.A."" DI MOLITERNO","VI","VI.1.3.A",2006,,"211.862,52",,"ERDF","EUR","http://localhost:9999/DOCUMENT_FILE_100421.pdf"
"AMMINISTRAZIONE PROVINCIALE DI POTENZA","76/2005/3 - POTENZIAMENTO SISTEMA DI SICUREZZA (IMPIANTO ANTINCENDIO) E RIVESTIMENTO SCALE ESTERNE DI EMERGENZA A SERVIZIO DEL LICEO SCIENTIFICO DI SANT'ARCANGELO","VI","VI.1.3.A",2009,2009,"9.934,44","9.934,44","ERDF","EUR","http://localhost:9999/DOCUMENT_FILE_100421.pdf"
"AMMINISTRAZIONE PROVINCIALE DI POTENZA","76/2006/5 - ""LAVORI DI POTENZIAMENTO STRUTTURALE ED ELIMINAZIONE DELLE BARRIERE ARCHITETTONICHE DELL'EDIFICIO SCOLASTICO I.T.C.G. DI PALAZZO SAN GERVASIO""","VI","VI.1.3.A",2009,2009,"192.076,55","192.076,55","ERDF","EUR","http://localhost:9999/DOCUMENT_FILE_100421.pdf"
"AMMINISTRAZIONE PROVINCIALE DI POTENZA","76/2006/4 - ""INTERVENTO DI POTENZIAMENTO FUNZIONALE ED ELIMINAZIONE BARRIERE ARCHITETTONICHE DELL'EDIFICIO SCOLASTICO I.T.C. DI ACERENZA""","VI","VI.1.3.A",2009,2009,"115.053,55","115.053,55","ERDF","EUR","http://localhost:9999/DOCUMENT_FILE_100421.pdf"
"AMMINISTRAZIONE PROVINCIALE DI POTENZA","76/2006/6 - ""LAVORI DI POTENZIAMENTO STRUTTURALE ED ELIMINAZIONE BARRIERE ARCHITETTONICHE DELL'EDIFICIO SCOLASTICO """"ISTITUTO MAGISTRALE"""" DI RIONERO IN VULTURE""","VI","VI.1.3.A",2009,2009,"335.433,05","335.433,05","ERDF","EUR","http://localhost:9999/DOCUMENT_FILE_100421.pdf"
"AMMINISTRAZIONE PROVINCIALE DI POTENZA","76/2006/3 - ""LAVORI DI POTENZIAMENTO FUNZIONALE ED ELIMINAZIONE BARRIERE ARCHITETTONICHE DELL'EDIFICIO SCOLASTICO I.T.C.G. DI MOLITERNO""","VI","VI.1.3.A",2009,2009,"76.845,32","76.845,32","ERDF","EUR","http://localhost:9999/DOCUMENT_FILE_100421.pdf"
"AMMINISTRAZIONE PROVINCIALE DI POTENZA","76/2006/1 - LAVORI DI MIGLIORAMENTO FUNZIONALE ED ELIMINAZIONE BARRIERE ARCHITETTONICHE DELL'EDIFICIO SCOLASTICO ""LICEO SCIENTIFICO"" DI GENZANO DI LUCANIA","VI","VI.1.3.A",2009,2009,"289.663,60","289.663,60","ERDF","EUR","http://localhost:9999/DOCUMENT_FILE_100421.pdf"
"AMMINISTRAZIONE PROVINCIALE DI POTENZA","76/2007/60 - LAVORI DI MIGLIORAMENTO FUNZIONALE ED ELIMINAZIONE BARRIERE ARCHITETTONICHE, CONVITTO ANNESSO ALL'ISTITUTO ALBERGHIERO DI MARATEA","VI","VI.1.3.A",2007,,"200.000,00",,"ERDF","EUR","http://localhost:9999/DOCUMENT_FILE_100421.pdf"
"AMMINISTRAZIONE PROVINCIALE DI POTENZA","76/2006/7 - LAVORI DI POTENZIAMENTO FUNZIONALE ED ELIMINAZIONE BARRIERE ARCHITETTONICHE DELL'EDIFICIO SCOLASTICO I.T.C.G. GASPARRINI"" DI MELFI","VI","VI.1.3.A",2006,,"1.203.330,65",,"ERDF","EUR","http://localhost:9999/DOCUMENT_FILE_100421.pdf"
"AMMINISTRAZIONE PROVINCIALE DI POTENZA","76/2006/10 - LAVORI DI MIGLIORAMENTO STRUTTURALE ED ELIMINAZIONE BARRIERE ARCHITETTONICHE DELL'EDIFICIO SCOLASTICO, LICEO SCIENTIFICO E. FERMI, DI MURO LUCANO","VI","VI.1.3.A",2006,,"308.915,85",,"ERDF","EUR","http://localhost:9999/DOCUMENT_FILE_100421.pdf"
"AMMINISTRAZIONE PROVINCIALE DI POTENZA","76/2006/14 - LAVORI DI MIGLIORAMENTO STRUTTURALE ED ELIMINAZIONE DELLE BARRIERE ARCHITETTONICHE, DELL'EDIFICIO SCOLASTICO ITIS DI PICERNO","VI","VI.1.3.A",2006,,"302.127,29",,"ERDF","EUR","http://localhost:9999/DOCUMENT_FILE_100421.pdf"
"AMMINISTRAZIONE PROVINCIALE DI POTENZA","76/2006/13 - LAVORI DI ADEGUAMENTO ALLE NORME DI SICUREZZA ED ELIMINAZIONE BARRIERE ARCHITETTONICHE ISTITUTO TECNICO MAGISTRALE DI LAGONEGRO","VI","VI.1.3.A",2006,,"54.744,43",,"ERDF","EUR","http://localhost:9999/DOCUMENT_FILE_100421.pdf"
"COMUNE DI ACCETTURA","76/2007/12 - ADEGUAMENTO NORME SICUREZZA ED ELIMINAZIONE BARRIERE ARCHITETTONICHE","VI","VI.1.3.A",2009,2009,"21.141,98","21.141,98","ERDF","EUR","http://localhost:9999/DOCUMENT_FILE_100421.pdf"
"COMUNE DI ALBANO DI LUCANIA","76/2006/12 - LAVORI DI MIGLIORAMENTO FUNZIONALE DELLA SCUOLA MATERNA - I°LOTTO FUNZIONALE - DEL COMUNE DI ALBANO DI LUCANIA","VI","VI.1.3.A",2006,,"41.459,96",,"ERDF","EUR","http://localhost:9999/DOCUMENT_FILE_100421.pdf"
"COMUNE DI ANZI","76/2007/5 - LAVORI DI ADEGUAMENTO ALLE NORME DI SICUREZZA ED ABBATTIMENTO BARRIERE ARCHITETTONICHE DELL'ISTITUTO COMPRENSIVO VIA LACAVA","VI","VI.1.3.A",2009,2009,"14.537,10","14.537,10","ERDF","EUR","http://localhost:9999/DOCUMENT_FILE_100421.pdf"
"COMUNE DI ARMENTO","76/2007/4 - LAVORI DI ADEGUAMENTO ALLE NORME DI SICUREZZA ED ELIMINAZIONE BARRIERE ARCHITETTONICHE, DELLA SCUOLA MAT. ELEM. E MEDIA ""G. ZANARDELLI""","VI","VI.1.3.A",2009,2009,"26.356,33","26.356,33","ERDF","EUR","http://localhost:9999/DOCUMENT_FILE_100421.pdf"
"COMUNE DI ATELLA","76/2008/8 - LAVORI DI ADEGUAMENTO ALLE NORME DI SICUREZZA ED ELIMINAZIONE BARRIERE ARCHITETTONICHE, SCUOLA PRIMARIA SITA IN CORSO PAPA GIOVANNI XXII","VI","VI.1.3.A",2008,,"10.841,23",,"ERDF","EUR","http://localhost:9999/DOCUMENT_FILE_100421.pdf"
"COMUNE DI AVIGLIANO","76/2004/5 - ""LAVORI DI MIGLIORAMENTO FUNZIONALE E RIMOZIONE BARRIERE ARCHITETTONICHE, COMUNE DI AVIGLIANO, SCUOLA MEDIA CLAPS""","VI","VI.1.3.A",2004,,"229.405,02",,"ERDF","EUR","http://localhost:9999/DOCUMENT_FILE_100421.pdf"
"COMUNE DI AVIGLIANO","76/2007/43 - LAVORI DI ADEGUAMENTO ALLE NORME DI SICUREZZA ED ELIMINAZIONE BARRIERE ARCHITETTONICHE,ISTITUTO COMPRENSIVO DI SANT'ANGELO","VI","VI.1.3.A",2007,,"15.497,85",,"ERDF","EUR","http://localhost:9999/DOCUMENT_FILE_100421.pdf"
"COMUNE DI BARAGIANO","76/2007/6 - LAVORI DI ADEGUAMENTO ALLE NORME DI SICUREZZA ED ABBATTIMENTO BARRIERE ARCHITETTONICHE SCUOLA ELEMENTARE VIA APPIA","VI","VI.1.3.A",2009,2009,"14.537,10","14.537,10","ERDF","EUR","http://localhost:9999/DOCUMENT_FILE_100421.pdf"
"COMUNE DI BERNALDA","76/2005/7 - ""LAVORI DI POTENZIAMENTO FUNZIONALE, ADEGUAMENTO ALLE NORME DI SICUREZZA E ABBATTIMENTO BARRIERE ARCHITETTONICHE, PROVINCIA DI MATERA """"ISTITUTO TECNICO COMMERCIALE DI BERNALDA""","VI","VI.1.3.A",2005,,"270.836,66",,"ERDF","EUR","http://localhost:9999/DOCUMENT_FILE_100421.pdf"
"COMUNE DI BRIENZA","72/2009/9 - BRIENZA - LAVORI DI COMPLETAMENTO LABORATORI FATTORIA BURGENTINA","VI","VI.1.1.B",2009,,"121.099,76",,"ERDF","EUR","http://localhost:9999/DOCUMENT_FILE_100421.pdf"
"COMUNE DI CALCIANO","76/2008/2 - LAVORI DI ADEGUAMENTO ALLE NORME DI SIUCREZZA ED ELIMINAZIONE BARRIERE ARCHITETTONICHE - SCUOLA MATERNA/ELEMENTARE/MEDIA","VI","VI.1.3.A",2008,2009,"11.620,75","11.620,74","ERDF","EUR","http://localhost:9999/DOCUMENT_FILE_100421.pdf"
"COMUNE DI CALVELLO","76/2007/35 - LAVORI DI ADEGUAMENTO ALLE NORME DI SICUREZZA ED ELIMINAZIONE BARRIERE ARCHITETTONICHE DELLA MENSA A SERVIZIO DELLA SCUOLA ELEMENTARE ""T. CAMBRGLIA""","VI","VI.1.3.A",2007,,"20.507,13",,"ERDF","EUR","http://localhost:9999/DOCUMENT_FILE_100421.pdf"
"COMUNE DI CANCELLARA","76/2007/7 - LAVORI DI ADEGUAMENTO ALLE NORME DI SICUREZZA ED ABBATTIMENTO BARRIERE ARCHITETTONICHE DELLA SCUOLA ELEMENTARE E MATERNA VIA ROMA","VI","VI.1.3.A",2009,2009,"11.253,11","11.253,11","ERDF","EUR","http://localhost:9999/DOCUMENT_FILE_100421.pdf"
"COMUNE DI CARBONE","76/2008/1 - ADEGUAMENTO ALLE NORME DI SICUREZZA ED ELIMINAZIONE BARRIERE ARCHITETTONICHE DELL'EDIFICIO SCOLAST. VIA TRIESTE","VI","VI.1.3.A",2009,2009,"3.695,87","3.695,87","ERDF","EUR","http://localhost:9999/DOCUMENT_FILE_100421.pdf"
"COMUNE DI CASTELLUCCIO INFERIORE","76/2007/16 - LAVORI DI ADEGUAMENTO ALLE NORME DI SICUREZZA ED ELIMINAZIONE BARRIERE ARCHITETTONICHE SCUOLA MATERNA STATALE SITA IN PIAZZA GRAMSCI","VI","VI.1.3.A",2009,2009,"17.247,40","17.247,40","ERDF","EUR","http://localhost:9999/DOCUMENT_FILE_100421.pdf"
"COMUNE DI CASTELLUCCIO SUPERIORE","76/2004/6 - ""POTENZIAMENTO STRUTTURALE RIMOZIONE BARRIERE ARCHITETTONICHE, COMUNE DI CASTELLUCCIO SUPERIORE CUOLA ELEMENTARE """"GIOVANNI XXIII°"" ""","VI","VI.1.3.A",2004,,"35.288,00",,"ERDF","EUR","http://localhost:9999/DOCUMENT_FILE_100421.pdf"
"COMUNE DI CASTELLUCCIO SUPERIORE","76/2007/17 - LAVORI DI ADEGUAMENTO ALLE NORME DI SICUREZZA ED ELIMINAZIONE BARRIERE ARCHITETTONICHE SCUOLA MEDIA E. GIANTURCO","VI","VI.1.3.A",2007,,"10.594,83",,"ERDF","EUR","http://localhost:9999/DOCUMENT_FILE_100421.pdf"
"COMUNE DI CASTELSARACENO","76/2007/18 - LAVORI DI ADEGUAMENTO ALLE NORME DI SICUREZZA ED ELIMINAZIONE BARRIERE ARCHITETTONICHE, EDIFICIO SCOLASTICO CIRO FONTANA""","VI","VI.1.3.A",2007,2009,"13.551,53","13.551,53","ERDF","EUR","http://localhost:9999/DOCUMENT_FILE_100421.pdf"
"COMUNE DI CASTRONUOVO SANT'ANDREA","76/2007/28 - LAVORI DI ADEGUAMENTO ALLE NORME DI SICUREZZA ED ELIMINAZIONE BARRIERE ARCHITETTONICHE, SCUOLA ELEMENTARE E MEDIA DI VIA ROMA","VI","VI.1.3.A",2009,2009,"31.442,32","31.442,32","ERDF","EUR","http://localhost:9999/DOCUMENT_FILE_100421.pdf"
"COMUNE DI CIRIGLIANO","76/2007/46 - LAVORI DI ADEGUAMENTO ALLE NORME DI SICUREZZA ED ELIMINAZIONE BARRIERE ARCHITETTONICHE, SCUOLA MATERNA ED ELEMENTARE","VI","VI.1.3.A",2007,2009,"17.819,67","17.819,67","ERDF","EUR","http://localhost:9999/DOCUMENT_FILE_100421.pdf"
"COMUNE DI COLOBRARO","76/2007/59 - EDIFICIO SCOLASTICO VIA LOTTA DEI CONTADINI","VI","VI.1.3.A",2007,,"15.554,46",,"ERDF","EUR","http://localhost:9999/DOCUMENT_FILE_100421.pdf"
"COMUNE DI CORLETO PERTICARA","76/2007/40 - LAVORI DI ADEGUAMENTO ALLE NORME DI SICUREZZA ED ELIMINAZIONE BARRIERE ARCHITETTONICHE, SCUOLA ELEMENTARE PIETRO LA CAVA","VI","VI.1.3.A",2007,2009,"10.614,15","10.614,14","ERDF","EUR","http://localhost:9999/DOCUMENT_FILE_100421.pdf"
"COMUNE DI CORLETO PERTICARA","76/2007/51 - INTERVENTO DI MIGLIORAMETNO FUNZIONALE ED ELIMINAZIONE DELLE BARRIERE ARCHITETTONICHE - SCUOLA MEDIA G. PASCOLI VIA BOLDONI","VI","VI.1.3.A",2007,,"71.810,71",,"ERDF","EUR","http://localhost:9999/DOCUMENT_FILE_100421.pdf"
"COMUNE DI CORLETO PERTICARA","76/2007/41 - LAVORI DI ADEGUAMENTO ALLE NORME DI SICUREZZA ED ELIMINAZIONE BARRIERE ARCHITETTONICHE, SCUOLA ELEMENTARE SAN GIOVANNI BOSCO","VI","VI.1.3.A",2007,2009,"10.329,15","10.329,14","ERDF","EUR","http://localhost:9999/DOCUMENT_FILE_100421.pdf"
"COMUNE DI CORLETO PERTICARA","71/2009/2 - CORLETO PERTICARA - COMPLETAMENTO CASA ANZIANI","VI","VI.1.1.B",2009,,"530.000,00",,"ERDF","EUR","http://localhost:9999/DOCUMENT_FILE_100421.pdf"
"COMUNE DI CRACO","76/2007/13 - ""SCUOLA MATERNA UBICATA IN VIA ALDO MORO N.2 - ADEGUAMENTO ALLE NORME DI SICUREZZA E BARRIERE ARCHITETTONICHE""","VI","VI.1.3.A",2009,2009,"42.434,17","42.434,17","ERDF","EUR","http://localhost:9999/DOCUMENT_FILE_100421.pdf"
"COMUNE DI EPISCOPIA","76/2007/20 - LAVORI DI ADEGUAMENTO ALLE NORME DI SICUREZZA ED ELIMINAZIONE BARRIERE ARCHITETTONICHE, EDIFICIO DELLA SCUOLA PRIMARIA CENTRO ABITATO","VI","VI.1.3.A",2007,,"11.580,40",,"ERDF","EUR","http://localhost:9999/DOCUMENT_FILE_100421.pdf"
"COMUNE DI FARDELLA","76/2007/61 - PREMIALITÀ PES - EDIFICIO SCOLASTICO SITO IN C.SO VITTORIO EMANUELE, N.3/A - ADEGUAMENTO ALLE NORME DI SICUREZZA ED ELIMINAZIONE BARRIERE ARCHITETTONICHE","VI","VI.1.3.A",2007,2009,"5.913,40","5.913,40","ERDF","EUR","http://localhost:9999/DOCUMENT_FILE_100421.pdf"
"COMUNE DI FARDELLA","76/2005/4 - INTERVENTO DI ADEGUAMENTO ALLE NORME DI SICUREZZA E BARRIERE ARCHITETTONICHE SCUOLA MATERNA","VI","VI.1.3.A",2009,2009,"19.031,84","19.031,84","ERDF","EUR","http://localhost:9999/DOCUMENT_FILE_100421.pdf"
"COMUNE DI FORENZA","76/2007/8 - ADEGUAMENTO ALLE NORME DI SICUREZZA ED ELIMINAZIONE BARRIERE ARCHITETTONICHE - ISTITUTO COMPRENSIVO SOLIMENA - PREMIALITÀ PES","VI","VI.1.3.A",2009,2009,"16.094,07","16.094,07","ERDF","EUR","http://localhost:9999/DOCUMENT_FILE_100421.pdf"
"COMUNE DI GALLICCHIO","76/2007/11 - ""COMUNE DI GALLICCHIO - EDIFICIO SCOLASTICO IN VIA MARTIRI D'UNGHERIA""","VI","VI.1.3.A",2009,2009,"8.623,28","8.623,28","ERDF","EUR","http://localhost:9999/DOCUMENT_FILE_100421.pdf"
"COMUNE DI GARAGUSO","76/2004/8 - ""POTENZIAMNETO FUNZIONALE E RIMOZIONE BARRIERE ARCHITETTONICHE, I.P.S.I.A. DI GARAGUSO SCALO""","VI","VI.1.3.A",2004,,"243.964,81",,"ERDF","EUR","http://localhost:9999/DOCUMENT_FILE_100421.pdf"
"COMUNE DI GINESTRA","76/2007/10 - ""LAVORI DI APOTENZIAMENTO FUNZIONALE ED ELIMINAZIONE BARRIERE ARCHITETTONICHE DELLA MATERNA ED ELEMENTARE IN VIA JURA""","VI","VI.1.3.A",2009,2009,"7.638,15","7.638,14","ERDF","EUR","http://localhost:9999/DOCUMENT_FILE_100421.pdf"
"COMUNE DI GORGOGLIONE","76/2007/49 - SCUOLA ELEMENTARE E MEDIA VIA FONTANA","VI","VI.1.3.A",2007,,"35.941,37",,"ERDF","EUR","http://localhost:9999/DOCUMENT_FILE_100421.pdf"
"COMUNE DI GRUMENTO NOVA","72/2009/3 - GRUMENTO NOVA - COMPLETAMENTO DELL'ADEGUAMENTO EDILIZIO DELL'EX MATTATOIO COMUNALE DA ADIBIRE A LUDOTECA PER DISABILI","VI","VI.1.1.B",2009,,"160.802,00",,"ERDF","EUR","http://localhost:9999/DOCUMENT_FILE_100421.pdf"
"COMUNE DI GRUMENTO NOVA","72/2009/14 - GRUMENTO NOVA - CONSOLIDAMENTO E RIPRISTINO AREA DESTINATA AD ATTIVITÀ SOCIO ASSISTENZIALE PALAZZO GILIBERTI","VI","VI.1.1.B",2009,2009,"150.000,00","150.000,00","ERDF","EUR","http://localhost:9999/DOCUMENT_FILE_100421.pdf"
"COMUNE DI GRUMENTO NOVA","76/2005/6 - ""INTERVENTO DI POTENZIAMENTO STRETTURALE ED ELIMINAZIONE BARRIERE ARCHITETTONICHE DELL'EDIFICIO SCOLASTICO VIA ZANARDELLI""","VI","VI.1.3.A",2009,2009,"19.975,15","19.975,14","ERDF","EUR","http://localhost:9999/DOCUMENT_FILE_100421.pdf"
"COMUNE DI GUARDIA PERTICARA","76/2007/21 - LAVORI DI ADEGUAMENTO ALLE NORME DI SICUREZZA ED ELIMINAZIONE BARRIERE ARCHITETTONICHE DEL PLESSO SCOLASTICO DI VIA SERRONE","VI","VI.1.3.A",2007,2009,"4.681,44","4.681,44","ERDF","EUR","http://localhost:9999/DOCUMENT_FILE_100421.pdf"
"COMUNE DI IRSINA","76/2008/9 - SCUOLA MEDIA G. MASCOLO","VI","VI.1.3.A",2008,2009,"10.000,00","10.000,00","ERDF","EUR","http://localhost:9999/DOCUMENT_FILE_100421.pdf"
"COMUNE DI LAGONEGRO","72/2009/6 - LAGONEGRO - RISTRUTTURAZIONE COMPLETAMENTO/RISTRUTTURAZI ONE DELLA CASA DI RIPOSO M.L. COSENTINO","VI","VI.1.1.B",2009,2009,"200.000,00","200.000,00","ERDF","EUR","http://localhost:9999/DOCUMENT_FILE_100421.pdf"
"COMUNE DI LAURENZANA","76/2008/3 - LAVORI DI ADEGUAMENTO ALLE NORME DI SICUREZZA ED ELIMINAZIONE BARRIERE ARCHITETTONICHE DELLA SCUOLA MATERNA, ELEMENTARE E MEDIA V. ALFIERI","VI","VI.1.3.A",2008,2009,"1.478,35","1.478,35","ERDF","EUR","http://localhost:9999/DOCUMENT_FILE_100421.pdf"
"COMUNE DI LAURENZANA","71/2006/5 - INTERVENTI SULL'EDILIZIA SCOLASTICA - NUOVA UBICAZIONE SCUOLA MATERNA...ADEGUAMENTO IMPIANTI TERMICI ISTITUTO COMPRENSIVO....E SCUOLA MATERNA","VI","VI.1.3.A",2009,,"189.052,00",,"ERDF","EUR","http://localhost:9999/DOCUMENT_FILE_100421.pdf"
"COMUNE DI LAURENZANA","71/2009/3 - LAURENZANA - INTERVENTI SANITARI E SOCIO- ASSISTENZIALI. RECUPERO EX CASA MANDAMENTALE","VI","VI.1.1.B",2009,,"482.500,00",,"ERDF","EUR","http://localhost:9999/DOCUMENT_FILE_100421.pdf"
"COMUNE DI LAURIA","72/2009/5 - LAURIA - REALIZZAZIONE DI UN ASILO NIDO NEI LOCALI SOTTOSTANTI LA SCUOLA MATERNA DEL RIONE SUPERIORE","VI","VI.1.1.B",2009,,"281.250,00",,"ERDF","EUR","http://localhost:9999/DOCUMENT_FILE_100421.pdf"
"COMUNE DI LAVELLO","72/2009/7 - LAVELLO - RISTRUTTURAZIONE E COMPLETAMENTO DEL CENTRO SOCIALE DI VIA FEDERICO DI SVEVIA.","VI","VI.1.1.B",2009,2009,"170.000,00","170.000,00","ERDF","EUR","http://localhost:9999/DOCUMENT_FILE_100421.pdf"
"COMUNE DI LAVELLO","72/2009/12 - LAVELLO - LAVORI DI AMPLIAMENTO DELL'ASILO NIDO DI VIA VERDI","VI","VI.1.1.B",2009,,"283.808,10",,"ERDF","EUR","http://localhost:9999/DOCUMENT_FILE_100421.pdf"
"COMUNE DI MARATEA","76/2007/26 - ""LAVORI DI POTENZIAMENTO FUNZIONALE ED ELIMINAZIONE BARRIERE ARCHITETTONICHE, SCUOLA MATERNA/ELEMENTARE DI PORTO SCALO E SCUOLA MEDIA CASIMIRO GENNARI"" ""","VI","VI.1.3.A",2009,2009,"56.964,56","56.964,56","ERDF","EUR","http://localhost:9999/DOCUMENT_FILE_100421.pdf"
"COMUNE DI MARSICONUOVO","76/2007/25 - ""LAVORI DI POTENZIAMENTO FUNZIONALE ED ELIMINAZIONE BARRIERE ARCHITETTONICHE, SCUOLA MEDIA STATALE B. CROCE IN VIA CAMPITELLI""","VI","VI.1.3.A",2009,2009,"36.068,82","36.068,82","ERDF","EUR","http://localhost:9999/DOCUMENT_FILE_100421.pdf"
"COMUNE DI MARSICONUOVO","76/2009/3 - MIGLIORAMENTO SCUOLA MEDIA STATALE B. CROCE IN VIA CAMPITELLI","VI","VI.1.3.A",2009,,"160.000,00",,"ERDF","EUR","http://localhost:9999/DOCUMENT_FILE_100421.pdf"
"COMUNE DI MASCHITO","76/2007/24 - LAVORI DI ADEGUAMENTO ALLE NORME DI SICUREZZA ED ELIMINAZIONE BARRIERE ARCHITETTONICHE, SCUOLA MEDIA STATALE F.LLI GIURA IN VIA FOSCOLO","VI","VI.1.3.A",2007,2009,"13.058,75","13.058,75","ERDF","EUR","http://localhost:9999/DOCUMENT_FILE_100421.pdf"
"COMUNE DI MIGLIONICO","76/2008/6 - LAVORI DI ADEGUAMENTO ALLE NORME DI SICUREZZA ED ELIMINAZIONE BARRIERE ARCHITETTONICHE DELL'ISTITUTO COMPRENSIVO SITO IN VIA ESTRAMURALE CASTELLO","VI","VI.1.3.A",2008,2009,"32.162,76","32.162,76","ERDF","EUR","http://localhost:9999/DOCUMENT_FILE_100421.pdf"
"COMUNE DI MIGLIONICO","76/2005/5 - ""LAVORI DI MIGLIORAMENTO FUNZIONALE E RIMOZIONE BARRIERE ARCHITETTONICHE DELLA SCUOLA MEDIA VIA ESTRAMURALE CASTELLO""","VI","VI.1.3.A",2009,2009,"98.284,56","98.284,56","ERDF","EUR","http://localhost:9999/DOCUMENT_FILE_100421.pdf"
"COMUNE DI MOLITERNO","71/2006/6 - INTERVENTI IN MATERIA DI SICUREZZA ED ACCESSIBILITA' DI EDIFICI SCOLASTICI - ISTITUTO COMPRENSIVO","VI","VI.1.3.A",2009,,"125.789,00",,"ERDF","EUR","http://localhost:9999/DOCUMENT_FILE_100421.pdf"
"COMUNE DI MONTESCAGLIOSO","76/2007/42 - EDIFICIO SCOLASTICO DELLE PRIMARIE ""DON LIBORIO PALAZZO""","VI","VI.1.3.A",2007,2009,"60.254,65","60.254,62","ERDF","EUR","http://localhost:9999/DOCUMENT_FILE_100421.pdf"
"COMUNE DI MURO LUCANO","76/2004/2 - LAVORI DI MIGLIORAMENTO FUNZIONALE E RIMOZIONE BARRIERE ARCHITETTONICHE, SCUOLA MEDIA ""GIOVANNI PASCOLI""","VI","VI.1.3.A",2009,2009,"81.340,53","81.340,53","ERDF","EUR","http://localhost:9999/DOCUMENT_FILE_100421.pdf"
"COMUNE DI NEMOLI","76/2007/27 - ADEGUAMENTO ALLE NORME DI SICUREZZA ED ELIMINAZIONE BARRIERE ARCHITETTONICHE","VI","VI.1.3.A",2007,2009,"9.000,00","9.000,00","ERDF","EUR","http://localhost:9999/DOCUMENT_FILE_100421.pdf"
"COMUNE DI NEMOLI","76/2007/34 - LAVORI DI ADEGUAMENTO ALLE NORME DI SICUREZZA ED ELIMINAZIONE BARRIERE ARCHITETTONICHE","VI","VI.1.3.A",2007,2009,"4.305,15","4.305,15","ERDF","EUR","http://localhost:9999/DOCUMENT_FILE_100421.pdf"
"COMUNE DI NOEPOLI","76/2008/4 - ""LAVORI DI MIGLIORAMENTO FUNZIONALE ED ELIMINAZIONE BARRIERE ARCHITETTONICHE, SCUOLA MEDIA A. RINALDI ""","VI","VI.1.3.A",2009,2009,"43.364,90","43.364,90","ERDF","EUR","http://localhost:9999/DOCUMENT_FILE_100421.pdf"
"COMUNE DI NOVA SIRI","72/2009/13 - NOVA SIRI - REALIZZAZIONE DI UN PLESSO DI ASILO NIDO IN MARINA DI NOVA SIRI","VI","VI.1.1.B",2009,,"345.000,00",,"ERDF","EUR","http://localhost:9999/DOCUMENT_FILE_100421.pdf"
"COMUNE DI OLIVETO LUCANO","76/2007/38 - SCUOLA MATERNA ED ELEMENTARE VIA DELLA LIBERTÀ","VI","VI.1.3.A",2007,2009,"3.926,37","3.826,08","ERDF","EUR","http://localhost:9999/DOCUMENT_FILE_100421.pdf"
"COMUNE DI OPPIDO LUCANO","76/2007/23 - LAVORI DI ADEGUAMENTO ALLE NORME DI SICUREZZA ED ELIMINAZIONE BARRIERE ARCHITETTONICHE, SCUOLA MATERNA,ELEMENTARE E MEDIA F. GIANNONE","VI","VI.1.3.A",2007,,"20.204,10",,"ERDF","EUR","http://localhost:9999/DOCUMENT_FILE_100421.pdf"
"COMUNE DI PALAZZO SAN GERVASIO","76/2007/50 - LAVORI DI ADEGUAMENTO ALLE NORME DI SICUREZZA ED ELIMINAZIONE BARRIERE ARCHITETTONICHE DELLA SCUOLA ELEMENTARE ""DON BOSCO""","VI","VI.1.3.A",2007,2009,"30.552,55","30.522,55","ERDF","EUR","http://localhost:9999/DOCUMENT_FILE_100421.pdf"
"COMUNE DI PICERNO","76/2007/22 - LAVORI DI ADEGUAMENTO ALLE NORME DI SICUREZZA ED ELIMINAZIONE BARRIERE ARCHITETTONICHE SCUOLA ELEMENTARE O.PAGANO","VI","VI.1.3.A",2007,,"12.319,57",,"ERDF","EUR","http://localhost:9999/DOCUMENT_FILE_100421.pdf"
"COMUNE DI PIETRAGALLA","76/2007/19 - LAVORI DI ADEGUAMENTO ALLE NORME DI SICUREZZA ED ELIMINAZIONE BARRIERE ARCHITETTONICHE, SCUOLA MEDIA SEN. MARIO ZOTTA","VI","VI.1.3.A",2007,,"37.697,90",,"ERDF","EUR","http://localhost:9999/DOCUMENT_FILE_100421.pdf"
"COMUNE DI PIETRAPERTOSA","76/2008/10 - LAVORI DI ADEGUAMENTO ALLE NORME DI SICUREZZA ED ELIMINAZIONE BARRIERE ARCHITETTONICHE, EDIFICIO SCOLASTICO IN VIA S, ANGELO","VI","VI.1.3.A",2008,2009,"3.203,09","3.203,09","ERDF","EUR","http://localhost:9999/DOCUMENT_FILE_100421.pdf"
"COMUNE DI POLICORO","72/2009/10 - POLICORO - AMPLIAMENTO DELL'ASILO COMUNALE DI VIA COLOMBO","VI","VI.1.1.B",2009,2009,"185.649,00","185.649,00","ERDF","EUR","http://localhost:9999/DOCUMENT_FILE_100421.pdf"
"COMUNE DI RAPONE","76/2007/31 - LAVORI DI ADEGUAMENTO ALLE NORME DI SICUREZZA ED ELIMINAZIONE BARRIERE ARCHITETTONICHE, SCUOLA PAPA GIOVANNI XXIII DI VIA MANZONI","VI","VI.1.3.A",2009,2009,"17.197,65","17.197,65","ERDF","EUR","http://localhost:9999/DOCUMENT_FILE_100421.pdf"
"COMUNE DI RIONERO IN VULTURE","76/2007/62 - SCUOLA MEDIA MICHELE GRANATA - POTENZIAMENTO STRUTTURALE ED ELIMINAZIONE BARRIERE ARCHITETTONICHE","VI","VI.1.3.A",2007,,"95.846,29",,"ERDF","EUR","http://localhost:9999/DOCUMENT_FILE_100421.pdf"
"COMUNE DI ROCCANOVA","71/2006/2 - LAVORI DI COSTRUZIONE PALAZZETTO DELLO SPORT E COMPLETAMENTO STRUTTURA PER CENTRO POLIFUNZIONALE","VI","VI.1.2.A",2009,,"589.391,31",,"ERDF","EUR","http://localhost:9999/DOCUMENT_FILE_100421.pdf"
"COMUNE DI ROCCANOVA","76/2007/14 - LAVORI DI ADEGUAMENTO ALLE NORME DI SICUREZZA ED ELIMINAZIONE BARRIERE ARCHITETTONICHE, SCUOLA MATERNA, ELEMENTARE E MEDIA SITA IN VITA VITTORIO EMANUELE","VI","VI.1.3.A",2009,2009,"10.560,27","10.560,27","ERDF","EUR","http://localhost:9999/DOCUMENT_FILE_100421.pdf"
"COMUNE DI ROTONDELLA","76/2004/7 - ""LAVORI DI MIGLIORAMENTO FUNZIONALE E RIMOZIONE BARRIERE ARCHITETTONICHE, I.P.S.I.A. DI ROTONDELLA""","VI","VI.1.3.A",2004,,"64.116,34",,"ERDF","EUR","http://localhost:9999/DOCUMENT_FILE_100421.pdf"
"COMUNE DI RUOTI","76/2007/30 - LAVORI DI ADEGUAMENTO ALLE NORME DI SICUREZZA ED ELIMINAZIONE BARRIERE ARCHITETTONICHE, SCUOLA MEDIA CARLUCCI","VI","VI.1.3.A",2009,2009,"19.707,20","19.707,20","ERDF","EUR","http://localhost:9999/DOCUMENT_FILE_100421.pdf"
"COMUNE DI RUVO DEL MONTE","76/2007/29 - LAVORI DI ADEGUAMENTO ALLE NORME DI SICUREZZA ED ELIMINAZIONE BARRIERE ARCHITETTONICHE, EDIFICIO SCOLASTICO A. BELLI","VI","VI.1.3.A",2009,2009,"9.035,15","9.035,15","ERDF","EUR","http://localhost:9999/DOCUMENT_FILE_100421.pdf"
"COMUNE DI SAN CHIRICO NUOVO","76/2007/33 - LAVORI DI ADEGUAMENTO ALLE NORME DI SICUREZZA ED ELIMINAZIONE BARRIERE ARCHITETTONICHE, SCUOLA ELEMENTARE-MEDIA VIA GIARDINI","VI","VI.1.3.A",2007,2009,"6.159,79","6.159,79","ERDF","EUR","http://localhost:9999/DOCUMENT_FILE_100421.pdf"
"COMUNE DI SAN CHIRICO RAPARO","76/2008/24 - EDIFICIO SCOLASTICO F.M. DE SARLO","VI","VI.1.3.A",2008,,"55.473,50",,"ERDF","EUR","http://localhost:9999/DOCUMENT_FILE_100421.pdf"
"COMUNE DI SAN CHIRICO RAPARO","76/2009/5 - LAVORI DI MIGLIORAMENTO FUNZIOANLE ED ACCESSIBILITA' ALL'EDIFICIO SCOLASTICO SITO IN VIA ROMA","VI","VI.1.3.A",2009,,"191.854,31",,"ERDF","EUR","http://localhost:9999/DOCUMENT_FILE_100421.pdf"
"COMUNE DI SAN CHIRICO RAPARO","72/2009/4 - SAN CHIRICO RAPARO - RECUPERO E RISTRUTTURAZIONE DI SANTA MARIA DA UTILIZZARE PER CASA DI RIPOSO","VI","VI.1.1.B",2009,,"691.700,00",,"ERDF","EUR","http://localhost:9999/DOCUMENT_FILE_100421.pdf"
"COMUNE DI SAN COSTANTINO ALBANESE","76/2007/45 - LAVORI DI ADEGUAMENTO ALLE NORME DI SICUREZZA ED ELIMINAZIONE BARRIERE ARCHITETTONICHE, EDIFICIO SCOLASTICO SITO IN VIA VENETO","VI","VI.1.3.A",2007,2009,"3.942,26","3.942,26","ERDF","EUR","http://localhost:9999/DOCUMENT_FILE_100421.pdf"
"COMUNE DI SAN GIORGIO LUCANO","76/2007/3 - ADEGUAMENTO ALLE NORME DI SICUREZZA ED ELIMINAZIONE BARRIERE ARCHITETTONICHE","VI","VI.1.3.A",2009,2009,"20.866,27","20.866,27","ERDF","EUR","http://localhost:9999/DOCUMENT_FILE_100421.pdf"
"COMUNE DI SAN MARTINO D'AGRI","76/2008/5 - LAVORI DI ADEGUAMENTO ALLE NORME DI SICUREZZA ED ELIMINAZIONE BARRIERE ARCHITETTONICHE DELL'EDIFICIO SCUOLA MATERNA","VI","VI.1.3.A",2008,2009,"6.398,51","6.398,51","ERDF","EUR","http://localhost:9999/DOCUMENT_FILE_100421.pdf"
"COMUNE DI SAN MAURO FORTE","76/2007/57 - ISTITUTO COMPRENSIVO MATERNA, ELEMENTARE E MEDIE VIA PAPA GIOVANNI","VI","VI.1.3.A",2007,,"13.289,25",,"ERDF","EUR","http://localhost:9999/DOCUMENT_FILE_100421.pdf"
"COMUNE DI SAN SEVERINO LUCANO","76/2007/32 - LAVORI DI ADEGUAMENTO ALLE NORME DI SICUREZZA ED ELIMINAZIONE BARRIERE ARCHITETTONICHE, SCUOLA ELEMENTARE DEL CENTRO ABITATO SITA IN VIA N. SOLE.","VI","VI.1.3.A",2007,2009,"12.073,18","12.073,18","ERDF","EUR","http://localhost:9999/DOCUMENT_FILE_100421.pdf"
"COMUNE DI SANT'ANGELO LE FRATTE","76/2007/1 - EDIFICIO SCOLASTICO COMUNALE UBICATO IN VIA CIMITERO - SANT'ANGELO LE FRATTE","VI","VI.1.3.A",2009,2009,"15.179,00","15.179,00","ERDF","EUR","http://localhost:9999/DOCUMENT_FILE_100421.pdf"
"COMUNE DI SANT'ARCANGELO","76/2007/48 - ""LAVORI DI APOTENZIAMENTO FUNZIONALE ED ELIMINAZIONE BARRIERE ARCHITETTONICHE, SCUOLA ELEMENTARE S. BRACATO ""","VI","VI.1.3.A",2007,2009,"37.697,90","37.697,90","ERDF","EUR","http://localhost:9999/DOCUMENT_FILE_100421.pdf"
"COMUNE DI SANT'ARCANGELO","71/2006/1 - LAVORI DI COSTRUZIONE PISCINA COMPRENSORIALE","VI","VI.1.2.A",2009,2009,"531.578,62","531.542,62","ERDF","EUR","http://localhost:9999/DOCUMENT_FILE_100421.pdf"
"COMUNE DI SANT'ARCANGELO","76/2006/2 - ""LAVORI DI MIGLIORAMENTO STRUTTURALE DELLA SCUOLA MEDIA NEL CENTRO STORICO DI SANT'ARCANGELO""","VI","VI.1.3.A",2009,2009,"69.654,00","69.654,00","ERDF","EUR","http://localhost:9999/DOCUMENT_FILE_100421.pdf"
"COMUNE DI SANT'ARCANGELO","71/2006/3 - LAVORI DI MIGLIORAMENTO STRUTTURALE E ACCESSIBILITA'.SC.ELEM.S.BRANCA TO","VI","VI.1.3.A",2009,,"196.754,38",,"ERDF","EUR","http://localhost:9999/DOCUMENT_FILE_100421.pdf"
"COMUNE DI SANT'ARCANGELO","71/2006/4 - AD. SIC. ED ACC. SCUOLA ELEM. CORSO UMBERTO I","VI","VI.1.3.A",2009,,"299.755,92",,"ERDF","EUR","http://localhost:9999/DOCUMENT_FILE_100421.pdf"
"COMUNE DI SANT'ARCANGELO","71/2009/1 - SANT'ARCANGELO - LAVORI DI REALIZZAZIONE DI STRUTTURA SOCIO-SANITARIA","VI","VI.1.1.B",2009,,"829.000,00",,"ERDF","EUR","http://localhost:9999/DOCUMENT_FILE_100421.pdf"
"COMUNE DI SARCONI","76/2007/47 - LAVORI DI ADEGUAMENTO ALLE NORME DI SICUREZZA ED ELIMINAZIONE BARRIERE ARCHITETTONICHE, SCUOLA ELEMENTARE A. MORO","VI","VI.1.3.A",2007,,"13.305,15",,"ERDF","EUR","http://localhost:9999/DOCUMENT_FILE_100421.pdf"
"COMUNE DI SARCONI","76/2005/1 - LAVORI DI MIGLIORAMENTO FUNZIONALE SCUOLA ELE. E MEDIA A. MORO","VI","VI.1.3.A",2009,2009,"31.173,36","31.173,36","ERDF","EUR","http://localhost:9999/DOCUMENT_FILE_100421.pdf"
"COMUNE DI SASSO DI CASTALDA","72/2009/1 - SASSO DI CASTALDA - REALIZZAZIONE CENTRO DIURNO PER ANZIANI E FASCE DEBOLI","VI","VI.1.1.B",2009,,"426.826,00",,"ERDF","EUR","http://localhost:9999/DOCUMENT_FILE_100421.pdf"
"COMUNE DI SASSO DI CASTALDA","76/2009/4 - LAVORI DI MIGLIORAMENTO FUNZIONALE DELL'EDIFICIO SCOLASTICO ELEMENTARE","VI","VI.1.3.A",2009,,"106.358,54",,"ERDF","EUR","http://localhost:9999/DOCUMENT_FILE_100421.pdf"
"COMUNE DI SATRIANO DI LUCANIA","72/2009/8 - SATRIANO DI LUCANIA - ADEGUAMENTO LOCALI EX SCUOLA MATERNA DA ADIBIRE A CENTRO DIURNO PER ANZIANI","VI","VI.1.1.B",2009,,"170.000,00",,"ERDF","EUR","http://localhost:9999/DOCUMENT_FILE_100421.pdf"
"COMUNE DI SATRIANO DI LUCANIA","76/2007/15 - ""SCUOLA MEDIA E MATERNA IN VIA G. FORTUNATO - SATRIANO DI LUCANIA""","VI","VI.1.3.A",2009,2009,"20.399,95","20.399,95","ERDF","EUR","http://localhost:9999/DOCUMENT_FILE_100421.pdf"
"COMUNE DI SCANZANO IONICO","76/2007/39 - SCUOLA MEDIA F. RONDINELLI E DELL'ANNESSA PALESTRA IN VIA TRATTURO DEL RE","VI","VI.1.3.A",2007,,"69.617,52",,"ERDF","EUR","http://localhost:9999/DOCUMENT_FILE_100421.pdf"
"COMUNE DI SENISE","76/2008/11 - ""LAVORI DI MIGLIORAMENTO FUNZIONALE ED ELIMINAZIONE BARRIERE ARCHITETTONICHE, SCUOLA ELEMENTARE PLESSO DI SAN PIETRO ""","VI","VI.1.3.A",2008,2009,"52.727,78","52.727,78","ERDF","EUR","http://localhost:9999/DOCUMENT_FILE_100421.pdf"
"COMUNE DI SPINOSO","72/2009/11 - SPINOSO - RISTRUTTURAZIONE CASA DI RIPOSO PER ANZIANI IN CDA IMPROSTA","VI","VI.1.1.B",2009,,"510.000,00",,"ERDF","EUR","http://localhost:9999/DOCUMENT_FILE_100421.pdf"
"COMUNE DI STIGLIANO","76/2007/36 - LAVORI DI POTENZIAMENTO FUNZIONALE ED ELIMINAZIONE BARRIERE ARCHITETTONICHE, SCUOLA MATERNA ED ELEMENTARE E MEDIA DI VIA BERARDI E SCUOLA MATERNA ED ELEMENTARE DI VIA ROMA","VI","VI.1.3.A",2007,,"60.254,65",,"ERDF","EUR","http://localhost:9999/DOCUMENT_FILE_100421.pdf"
"COMUNE DI TEANA","76/2008/25 - SCUOLA ELEMENTARE E MEDIA","VI","VI.1.3.A",2008,,"6.406,18",,"ERDF","EUR","http://localhost:9999/DOCUMENT_FILE_100421.pdf"
"COMUNE DI TITO","76/2007/44 - ""LAVORI DI APOTENZIAMENTO FUNZIONALE ED ELIMINAZIONE BARRIERE ARCHITETTONICHE, SCUOLA MEDIA GIOVANNI PASCOLI ""","VI","VI.1.3.A",2007,,"39.847,45",,"ERDF","EUR","http://localhost:9999/DOCUMENT_FILE_100421.pdf"
"COMUNE DI TRAMUTOLA","72/2009/2 - TRAMUTOLA - COMPLETAMENTO CENTRO ASSISTENZA FASCE DEBOLI ""SPOLIDORO LENNI""","VI","VI.1.1.B",2009,,"107.196,00",,"ERDF","EUR","http://localhost:9999/DOCUMENT_FILE_100421.pdf"
"COMUNE DI TRIVIGNO","76/2007/9 - PREMIALITÀ PES - MATERNA VIA GARIBALDI - ADEGUAMENTO ALLE NORME DI SICUREZZA ED ELIMINAZIONE BARRIERE ARCHITETTONICHE","VI","VI.1.3.A",2009,2009,"6.621,34","6.621,34","ERDF","EUR","http://localhost:9999/DOCUMENT_FILE_100421.pdf"
"COMUNE DI TURSI","76/2007/56 - SCUOLA MEDIA STATALE S. ANDREA D'AVELLINO","VI","VI.1.3.A",2007,,"48.928,58",,"ERDF","EUR","http://localhost:9999/DOCUMENT_FILE_100421.pdf"
"COMUNE DI VALSINNI","76/2007/37 - SCUOLA ELEMENTARE E MEDIA ""G. FORTUNATO""","VI","VI.1.3.A",2007,2009,"52.401,91","52.399,50","ERDF","EUR","http://localhost:9999/DOCUMENT_FILE_100421.pdf"
"COMUNE DI VIETRI DI POTENZA","76/2008/7 - LAVORI DI ADEGUAMENTO ALLE NORME DI SICUREZZA ED ELOMINAZIONE BARRIERE ARCHITETTONICHE DELLA SCUOLA MEDIA ED ELEMEMTARE G.ALBINI E SCUOLA MATERNA STATALE","VI","VI.1.3.A",2008,,"16.754,62",,"ERDF","EUR","http://localhost:9999/DOCUMENT_FILE_100421.pdf"
"COMUNE DI VIGGIANELLO","76/2007/2 - ISTITUTO COMPRENSIVO ANZOLECONTE - VIGGIANELLO","VI","VI.1.3.A",2009,2009,"115.740,58","115.740,58","ERDF","EUR","http://localhost:9999/DOCUMENT_FILE_100421.pdf"
"ACQUEDOTTO LUCANO S.P.A.","75/2004/1 - RETE FOGNARIA ZONA DI ESPANSIONE - ZONA B DEL COMUNE DI CALVELLO","VII","VII.2.1.A",2004,,"925.000,00",,"ERDF","EUR","http://localhost:9999/DOCUMENT_FILE_100421.pdf"
"ACQUEDOTTO LUCANO S.P.A.","75/2004/2 - RETE FOGNARIA ZONA DI ESPANSIONE - ZONA A (FOSSO SANTILE) DEL COMUNE DI CALVELLO","VII","VII.2.1.A",2004,,"925.000,00",,"ERDF","EUR","http://localhost:9999/DOCUMENT_FILE_100421.pdf"
"COMUNE DI LAVELLO","75/2009/1 - PROGETTO RACCOLTA DIFFERENZIATA NEL VULTURE- MELFESE.","VII","VII.3.1.A",2009,,"1.766.733,00",,"ERDF","EUR","http://localhost:9999/DOCUMENT_FILE_100421.pdf"
"COMUNITA' MONTANA BASSO SINNI - TURSI","75/2009/3 - PROGETTO RACCOLTA DIFFERENZIATA R.S.U. - FASCIA JONICA, SUB-AMBITO 1 - C.M. BASSO SINNI","VII","VII.3.1.A",2009,,"1.478.187,00",,"ERDF","EUR","http://localhost:9999/DOCUMENT_FILE_100421.pdf"
"REGIONE BASILICATA","75/2008/1 - VIE BLU - STRALCIO ESECUTIVO 2008","VII","VII.4.1.A",2008,,"13.100.000,00",,"ERDF","EUR","http://localhost:9999/DOCUMENT_FILE_100421.pdf"
"REGIONE BASILICATA","75/2009/4 - VIE BLU - STRALCIO ESECUTIVO 2009","VII","VII.4.1.A",2009,,"12.500.000,00",,"ERDF","EUR","http://localhost:9999/DOCUMENT_FILE_100421.pdf"
"SVILUPPO BASILICATA SpA - FONDO DI GARANZIA - PO FESR 2007-2013 - DGR 2124 DEL 15 DICEMBRE 2009","73/2009/17 - FONDO DI GARANZIA - PO FESR BASILICATA 2007-2013 - DGR 2124 DEL 15 DICEMBRE 2009","VII","VII.1.2.A",2009,2009,"6.000.000,00","6.000.000,00","ERDF","EUR","http://localhost:9999/DOCUMENT_FILE_100421.pdf"
"SVILUPPO BASILICATA SpA - FONDO DI GARANZIA - PO FESR 2007-2013 - DGR 2124 DEL 15 DICEMBRE 2009","73/2009/13 - FONDO DI GARANZIA - PO FESR BASILICATA 2007-2013 - DGR 2124 DEL 15 DICEMBRE 2009","VII","VII.1.3.A",2009,2009,"4.000.000,00","4.000.000,00","ERDF","EUR","http://localhost:9999/DOCUMENT_FILE_100421.pdf"
"COMUNE DI MATERA","71/2008/5 - RINNOVO CONTRATTO DI COLLABORAZIONE PER LA CHIUSURA DEL PISU CITTÀ DI MATERA","VIII","VIII.1.2.B",2008,,"13.702,94",,"ERDF","EUR","http://localhost:9999/DOCUMENT_FILE_100421.pdf"
"COMUNE DI MATERA","81/2009/9 - CONTRATTO DI COLLABORAZIONE PER LE ATTIVITÀ DI CHIUSURA DEL PISU CITTÀ DI MATERA - PROROGA AL 31/12/2009","VIII","VIII.1.2.B",2009,,"14.818,30",,"ERDF","EUR","http://localhost:9999/DOCUMENT_FILE_100421.pdf"
"COMUNE DI POTENZA","81/2008/4 - PROROGA CONTRATTI DI COLLABORAZIONE PER LA CHIUSURA DEL PISU POTENZA.","VIII","VIII.1.2.B",2008,,"47.880,38",,"ERDF","EUR","http://localhost:9999/DOCUMENT_FILE_100421.pdf"
"COMUNE DI POTENZA","81/2009/8 - CONTRATTI DI COLLABORAZIONE PER LE ATTIVITÀ DI CHIUSURA DEL PISU CITTÀ DI POTENZA - PROROGA AL 31/12/2009","VIII","VIII.1.2.B",2009,,"44.454,87",,"ERDF","EUR","http://localhost:9999/DOCUMENT_FILE_100421.pdf"
"REGIONE BASILICATA","81/2007/2 - ORGANIZZAZIONE DI UN LABORATORIO SULLE STRATEGIE DI INFORMAZIONE E COMUNICAZIONE DELLA PROGRAMMAZIONE COMUNITARIA 2007/2013.","VIII","VIII.1.1.C",2007,2009,"303,60","303,60","ERDF","EUR","http://localhost:9999/DOCUMENT_FILE_100421.pdf"
"REGIONE BASILICATA","71/2009/10 - AFFIDAMENTO DIRETTO DEL SERVIZIO DI STAMPA CARTELLINE PO FESR 2007/2013","VIII","VIII.1.4.A",2009,2009,"1.680,00","1.680,00","ERDF","EUR","http://localhost:9999/DOCUMENT_FILE_100421.pdf"
"REGIONE BASILICATA","71/2009/12 - CONVENZIONE CON EURO-NET,CENTRO EUROPE DIRECT PER LA BASILICATA, PER LA REALIZZAZIONE DI UN PROGETTO FINALIZZATO ALLA PROMOZIONE DELLE PRIORITÀ E DEGLI OBIETTIVI DEL PO FESR NELL'AMBITO DEGLI OPEN DAYS 2009","VIII","VIII.1.4.A",2009,2009,"20.000,00","20.000,00","ERDF","EUR","http://localhost:9999/DOCUMENT_FILE_100421.pdf"
"REGIONE BASILICATA","71/2009/14 - SERVIZI DI RISTORAZIONE IN OCCASIONE DEGLI OPEN DAYS 2009","VIII","VIII.1.4.A",2009,2009,"16.135,00","16.135,00","ERDF","EUR","http://localhost:9999/DOCUMENT_FILE_100421.pdf"
"REGIONE BASILICATA","75/2009/6 - SERVIZIO DI INTERPRETARIATO PER CONFERENZA INTERNAZIONALE ""CITTÀ INNOVATIVE PER IMPRESE ALL'AVANGUARDIA: INVESTIMENTI SOSTENIBILI PER PICCOLE E MEDIE CITTÀ"" . VII EDIZIONE OPEN DAYS 2009","VIII","VIII.1.4.A",2009,2009,"11.400,00","11.400,00","ERDF","EUR","http://localhost:9999/DOCUMENT_FILE_100421.pdf"
"REGIONE BASILICATA","71/2009/15 - SERVIZIO DI ALLESTIMENTO, STAMPA INVITI, MANIFESTI E ALTRE SPESE FUNZIONALI ALL'ORGANIZZAZIONE DEGLI OPEN DAYS 2009","VIII","VIII.1.4.A",2009,2009,"46.108,80","46.108,80","ERDF","EUR","http://localhost:9999/DOCUMENT_FILE_100421.pdf"
"REGIONE BASILICATA","71/2009/13 - AFFIDAMENTO A AMBIENTE ITALIA SRL DEL SERVIZIO DI KEYNOTE SPEAKER DELLA DOTT.SSA MARIA BERRINI NELL'AMBITO DEGLI OPEN DAYS 2009","VIII","VIII.1.4.A",2009,2009,"4.800,00","4.800,00","ERDF","EUR","http://localhost:9999/DOCUMENT_FILE_100421.pdf"
"REGIONE BASILICATA","71/2009/11 - AFFIDAMENTO A MENS TECNICA SRL PER L'ACQUISTO DEL GADGET I-MEMO","VIII","VIII.1.4.A",2009,,"18.000,00",,"ERDF","EUR","http://localhost:9999/DOCUMENT_FILE_100421.pdf"
"REGIONE BASILICATA","71/2009/9 - ACQUISTO RIPRESE VIDEO E AUDIO INTEGRALI DELL'EVENTO DI LANCIO DEL PO FESR 2007/2013 E REALIZZAZIONE DI UNO SPECIALE","VIII","VIII.1.4.A",2009,2009,"22.200,00","22.200,00","ERDF","EUR","http://localhost:9999/DOCUMENT_FILE_100421.pdf"
"REGIONE BASILICATA","81/2009/10 - SERVIZIO DI COMUNICAZIONE E ORGANIZZAZIONE DELL'EVENTO DI LANCIO DEL PO FESR 2007/2013","VIII","VIII.1.4.A",2009,2009,"23.880,00","23.880,00","ERDF","EUR","http://localhost:9999/DOCUMENT_FILE_100421.pdf"
"REGIONE BASILICATA","71/2009/7 - PUBBLICAZIONE SU REGIONAL REVIEW - OTTOBRE 2009","VIII","VIII.1.4.A",2009,2009,"3.900,00","3.900,00","ERDF","EUR","http://localhost:9999/DOCUMENT_FILE_100421.pdf"
"REGIONE BASILICATA","81/2009/12 - SERVIZIO DI REALIZZAZIONE GADGET","VIII","VIII.1.4.A",2009,2009,"17.400,00","17.400,00","ERDF","EUR","http://localhost:9999/DOCUMENT_FILE_100421.pdf"
"REGIONE BASILICATA","81/2009/11 - SERVIZIO DI STAMPA DOCUMENTI E ALTRO MATERIALE RELATIVO AL PO FESR 2007/2013","VIII","VIII.1.4.A",2009,2009,"8.025,20","8.025,20","ERDF","EUR","http://localhost:9999/DOCUMENT_FILE_100421.pdf"
"REGIONE BASILICATA","71/2009/8 - ACQUISTO BORSE SERIGRAFATE","VIII","VIII.1.4.A",2009,2009,"6.000,00","6.000,00","ERDF","EUR","http://localhost:9999/DOCUMENT_FILE_100421.pdf"
"REGIONE BASILICATA","81/2009/7 - ORGANIZZAZIONE CONVEGNO ""9 MAGGIO GIORNATA DELL'EUROPA - RIFLESSIONI PER UN'ECONOMIA PIÙ COMPETITIVA"" NELL'AMBITO DEL TREND EXPO","VIII","VIII.1.4.A",2009,2009,"5.836,90","5.836,90","ERDF","EUR","http://localhost:9999/DOCUMENT_FILE_100421.pdf"
"REGIONE BASILICATA","81/2009/6 - FIRMA PROTOCOLLO REGIONE BASILICATA - REPUBBLICA AUTONOMA DI ZILINA. MISSIONE DELEGAZIONE REGIONALE","VIII","VIII.1.3.A",2009,,"5.870,42",,"ERDF","EUR","http://localhost:9999/DOCUMENT_FILE_100421.pdf"
"REGIONE BASILICATA","81/2009/1 - SERVIZIO DI ASSISTENZA SISTEMISTICA E SUPPORTO OPERATIVO PER IL SISTEMA INFORMATIVO","VIII","VIII.1.1.D",2009,,"444.600,00",,"ERDF","EUR","http://localhost:9999/DOCUMENT_FILE_100421.pdf"
"REGIONE BASILICATA","81/2009/4 - CONTRATTI DI COLLABORAZIONE PER LA CHIUSURA DELLA MISURA V.2 DEL POR BASILICATA 2000/2006 - PROROGA AL 31/12/2009","VIII","VIII.1.1.C",2009,,"281.943,25",,"ERDF","EUR","http://localhost:9999/DOCUMENT_FILE_100421.pdf"
"REGIONE BASILICATA","71/2009/5 - INCONTRO TRA I SERVIZI DELLA COMMISSIONE EUROPEA E L'AUTORITÀ DI GESTIONE DEL PO FESR BASILICATA 2007-2013 DEL 18/09/2009","VIII","VIII.1.1.C",2009,2009,"2.466,00","2.466,00","ERDF","EUR","http://localhost:9999/DOCUMENT_FILE_100421.pdf"
"REGIONE BASILICATA","71/2009/6 - SERVIZI DI AGENZIA VIAGGI PER MISSIONI A BRUXELLES - OTTOBRE 2009","VIII","VIII.1.1.C",2009,2009,"5.194,00","5.194,00","ERDF","EUR","http://localhost:9999/DOCUMENT_FILE_100421.pdf"
"REGIONE BASILICATA","71/2009/16 - IMPEGNO E LIQUIDAZIONE FATTURA PER PARTECIPAZIONE WORKSHOP ORGANIZZATO DA EUROPEAN ACCADEMY FOR TAXES ECONOMICS & LAW","VIII","VIII.1.1.C",2009,2009,"2.353,82","2.353,82","ERDF","EUR","http://localhost:9999/DOCUMENT_FILE_100421.pdf"
"REGIONE BASILICATA","81/2009/5 - REDAZIONE LONG LIST DI CUI AL BANDO PUBBLICATO SUL BUR N. 2 DEL 16-01-2009","VIII","VIII.1.1.C",2009,2009,"13.223,18","13.223,18","ERDF","EUR","http://localhost:9999/DOCUMENT_FILE_100421.pdf"
"REGIONE BASILICATA","81/2009/3 - CONTRATTI DI COLLABORAZIONE PER LA CHIUSURA DEL POR BASILICATA 2000-2006 - PROROGA AL 31/12/2009","VIII","VIII.1.1.C",2009,,"1.352.848,98",,"ERDF","EUR","http://localhost:9999/DOCUMENT_FILE_100421.pdf"
"REGIONE BASILICATA","81/2009/2 - ORGANIZZAZIONE DELLA SECONDA SEDUTA DEL COMITATO DI SORVEGLIANZA DEL 18 GIUGNO 2009","VIII","VIII.1.1.A",2009,2009,"6.101,50","6.101,50","ERDF","EUR","http://localhost:9999/DOCUMENT_FILE_100421.pdf"
"REGIONE BASILICATA","81/2008/2 - PROROGA CONTRATTI DI COLLABORAZIONE PER LA CHIUSURA DEL POR BASILICATA 2000/2006 FONDO FESR.","VIII","VIII.1.1.C",2008,,"1.596.842,60",,"ERDF","EUR","http://localhost:9999/DOCUMENT_FILE_100421.pdf"
"REGIONE BASILICATA","81/2008/3 - PROROGA CONTRATTI DI COLLABORAZIONE PER LA CHIUSURA DEL POR BASILICATA 2000/2006 MISURA V.2 FONDO FESR","VIII","VIII.1.1.C",2008,,"232.811,04",,"ERDF","EUR","http://localhost:9999/DOCUMENT_FILE_100421.pdf"
"REGIONE BASILICATA","81/2008/5 - SEGRETERIA TECNICA DEL COMITATO DI SORVEGLIANZA DEL PO FESR 2007/2013","VIII","VIII.1.1.A",2008,,"1.309.000,00",,"ERDF","EUR","http://localhost:9999/DOCUMENT_FILE_100421.pdf"
"REGIONE BASILICATA","81/2008/1 - PRIMA SEDUTA DEL COMITATO DI SORVEGLIANZA DEL PO FESR 2007/2013 - 4 APRILE 2008.","VIII","VIII.1.1.A",2008,2009,"7.088,44","7.088,44","ERDF","EUR","http://localhost:9999/DOCUMENT_FILE_100421.pdf"
"REGIONE BASILICATA","81/2007/1 - INCONTRO SULLA NUOVA PROGRAMMAZIONE COMUNITARIA 2007/2013.","VIII","VIII.1.4.A",2007,2009,"4.490,00","4.490,00","ERDF","EUR","http://localhost:9999/DOCUMENT_FILE_100421.pdf"
