"denominazione_beneficiario","titolo_del_progetto","asse","attivita","anno_assegnaz","contributo_pubblico_assegnato","contributo_pubblico_pagato","fund_type","currency","uri"
"ACQUAPENDENTE COMUNE","Consolidamento rupe sottostante la casa di riposo S. Giuseppe (codice A0005P0001 - CUP F43B09000010008)","II",3,2008,"500.000,00","-","ERDF","EUR","http://porfesr.lazio.it/PORFESR/galleria_allegati/elenco_beneficiari.pdf"
"ALLUMIERE COMUNE","Sistemazione idrogeologica Le Terre. (codice A0005P0002 - CUP B22J09000040008)","II",3,2008,"2.300.000,00","-","ERDF","EUR","http://porfesr.lazio.it/PORFESR/galleria_allegati/elenco_beneficiari.pdf"
"BELLEGRA COMUNE","Ripristino percorribilità strada comunale Vaccarecce (codice A0005P0003 - CUP H19H08000370002)","II",3,2008,"400.000,00","-","ERDF","EUR","http://porfesr.lazio.it/PORFESR/galleria_allegati/elenco_beneficiari.pdf"
"BLERA COMUNE","Prevenzione di fenomeni di crollo in località Pontoni (codice A0005P0004 - CUP C12J09000000006)","II",3,2008,"400.000,00","-","ERDF","EUR","http://porfesr.lazio.it/PORFESR/galleria_allegati/elenco_beneficiari.pdf"
"BLERA COMUNE","Consolidamento della rupe del centro abitato di Civitella Cesi (codice A0005P0005 - CUP C93B06000010002)","II",3,2008,"800.000,00","-","ERDF","EUR","http://porfesr.lazio.it/PORFESR/galleria_allegati/elenco_beneficiari.pdf"
"BOLSENA COMUNE","Bonifica dissesto gravitativo lungo la via Cassia km 109,300 (codice A0005P0006 - CUP I22J09000010006)","II",3,2008,"500.000,00","-","ERDF","EUR","http://porfesr.lazio.it/PORFESR/galleria_allegati/elenco_beneficiari.pdf"
"CANINO COMUNE","Consolidamento e riqualificazione centro abitato versante prospiciente valle San Moro (codice A0005P0007 - CUP D62J08000360002)","II",3,2008,"1.400.000,00","-","ERDF","EUR","http://porfesr.lazio.it/PORFESR/galleria_allegati/elenco_beneficiari.pdf"
"CASTEL SANT'ELIA COMUNE","Completamento interventi di consolidamento per pericolo di crollo lungo la Valle dei Santi (codice A0005P0008 - CUP H22J08000090002)","II",3,2008,"1.600.000,00","-","ERDF","EUR","http://porfesr.lazio.it/PORFESR/galleria_allegati/elenco_beneficiari.pdf"
"CERVETERI COMUNE","Completamento del consolidamento della rupe a nord-ovest del centro abitato (codice A0005P0009 - CUP C95D08000060002)","II",3,2008,"700.000,00","-","ERDF","EUR","http://porfesr.lazio.it/PORFESR/galleria_allegati/elenco_beneficiari.pdf"
"CITTADUCALE COMUNE","Rimozione della pericolosità per frana in località Grotti - Centro abitato (codice A0005P0010 - CUP H32D08000090005)","II",3,2008,"800.000,00","-","ERDF","EUR","http://porfesr.lazio.it/PORFESR/galleria_allegati/elenco_beneficiari.pdf"
"FIAMIGNANO COMUNE","Rimozione della pericolosità per frana lungo la strada comunale per Marmosedio e località Poggio Poponesco (codice A0005P0011 - CUP B63B07000090002)","II",3,2008,"500.000,00","-","ERDF","EUR","http://porfesr.lazio.it/PORFESR/galleria_allegati/elenco_beneficiari.pdf"
"FIAMIGNANO COMUNE","Rimozione della pericolosità per frana in località Colle Sambuco (codice A0005P0012 - CUP B63B07000080002)","II",3,2008,"1.000.000,00","-","ERDF","EUR","http://porfesr.lazio.it/PORFESR/galleria_allegati/elenco_beneficiari.pdf"
"ITRI COMUNE","Completamento dei lavori di consolidamento dell'abitato di Sant'Angelo (codice A0005P0013 - CUP C18C08000090002)","II",3,2008,"820.000,00","-","ERDF","EUR","http://porfesr.lazio.it/PORFESR/galleria_allegati/elenco_beneficiari.pdf"
"LATERA COMUNE","Consolidamento in alcune zone del centro storico (via del Montinaccio, località S.Sebastiano, Fontana di Canale, fosso del Ponticello, scuola Media, Grotta via Ripetta, località il (codice A0005P0014 - CUP J82J09000000002)","II",3,2008,"800.000,00","-","ERDF","EUR","http://porfesr.lazio.it/PORFESR/galleria_allegati/elenco_beneficiari.pdf"
"PONTINA CONSORZIO DI BONIFICA","Completamento intervento di bonifica dei crolli in corrispondenza della SS 637 ai Km. 36-38 (codice A0005P0015 - CUP E38G08000000002)","II",3,2008,"500.000,00","-","ERDF","EUR","http://porfesr.lazio.it/PORFESR/galleria_allegati/elenco_beneficiari.pdf"
"A.R.D.I.S. - AG. REGIONALE PER LA DIFESA DEL SUOLO","Lavori di completamento della sistemazione idraulica del Fiume Fiora tra la S.S.1 Aurelia ed il mare e del Fosso Timone tra l’abitato di Musignano e la foce. Secondo stralcio (codice A0005P0016 - CUP F28G09000020006)","II",3,2008,"8.000.000,00","-","ERDF","EUR","http://porfesr.lazio.it/PORFESR/galleria_allegati/elenco_beneficiari.pdf"
"PONTINA CONSORZIO DI BONIFICA","Completamento della stabilizzazione della pendice e protezione dalla caduta massi in località Pizzuco (codice A0005P0017 - CUP E68G08000120002)","II",3,2008,"1.000.000,00","-","ERDF","EUR","http://porfesr.lazio.it/PORFESR/galleria_allegati/elenco_beneficiari.pdf"
"MONTENERO SABINO COMUNE","Completamento dei lavori di risanamento delle colate in prossimità del centro storico - fossi Mandricelli e Orneto (II) (codice A0005P0018 - CUP G22J04000040002)","II",3,2008,"940.000,00","-","ERDF","EUR","http://porfesr.lazio.it/PORFESR/galleria_allegati/elenco_beneficiari.pdf"
"ORTE COMUNE","Rimozione della pericolosità per frana in località Orte Scalo - a monte della Stazione FS (codice A0005P0019 - CUP G93B09000060006)","II",3,2008,"550.000,00","-","ERDF","EUR","http://porfesr.lazio.it/PORFESR/galleria_allegati/elenco_beneficiari.pdf"
"POGGIO NATIVO COMUNE","Completamento opere di presidio mediante il consolidamento del costone sottostante il centro storico ( II Lotto) (codice A0005P0020 - CUP B68G09000100002)","II",3,2008,"1.000.000,00","-","ERDF","EUR","http://porfesr.lazio.it/PORFESR/galleria_allegati/elenco_beneficiari.pdf"
"PONZA COMUNE","Interventi di manutenzione in corrispondenza della falesia di Chiaia di Luna (codice A0005P0021)","II",3,2008,"400.000,00","-","ERDF","EUR","http://porfesr.lazio.it/PORFESR/galleria_allegati/elenco_beneficiari.pdf"
"ROCCA D'ARCE COMUNE","Bivio Strada provinciale accesso Rocca D'Arce via Re Manfredi (codice A0005P0022 - CUP E73B08000190002)","II",3,2008,"1.250.000,00","-","ERDF","EUR","http://porfesr.lazio.it/PORFESR/galleria_allegati/elenco_beneficiari.pdf"
"ROCCA D'ARCE COMUNE","Dissesti lungo la strada accesso a Rocca d'Arce -Km 0,0-0,5 (codice A0005P0023 - CUP E73B08000180002)","II",3,2008,"550.000,00","-","ERDF","EUR","http://porfesr.lazio.it/PORFESR/galleria_allegati/elenco_beneficiari.pdf"
"FROSINONE AMMINISTRAZIONE PROVINCIALE","Rimozione delle principali situazioni di pericolo per caduta massi lungo la strada provinciale n. 7 Roccasecca Casalvieri, dal Km 5,0 circa al Km 16,500 circa (codice A0005P0024 - CUP I29H09000040006)","II",3,2008,"1.300.000,00","-","ERDF","EUR","http://porfesr.lazio.it/PORFESR/galleria_allegati/elenco_beneficiari.pdf"
"SAN BIAGIO SARACINISCO COMUNE","Rimozione della pericolosità per frana in adiacenza al centro storico e via Pero dell'Orso (codice A0005P0025 - CUP F93B09000020002)","II",3,2008,"1.990.000,00","-","ERDF","EUR","http://porfesr.lazio.it/PORFESR/galleria_allegati/elenco_beneficiari.pdf"
"STRANGOLAGALLI COMUNE","Rimozione della pericolosità per frana via Cerreto (codice A0005P0026 - CUP G52J08000110008)","II",3,2008,"1.000.000,00","-","ERDF","EUR","http://porfesr.lazio.it/PORFESR/galleria_allegati/elenco_beneficiari.pdf"
"MAREMMA ETRUSCA CONSORZIO DI BONIFICA","Sistemazione idraulica del fosso Scolo dei Prati-I° intervento (codice A0005P0027 - CUP G83B09000020006)","II",3,2008,"1.012.276,93","-","ERDF","EUR","http://porfesr.lazio.it/PORFESR/galleria_allegati/elenco_beneficiari.pdf"
"MAREMMA ETRUSCA CONSORZIO DI BONIFICA","Sistemazione idraulica del fosso Scolo dei Prati-II° intervento (codice A0005P0028 - CUP G83B09000010006)","II",3,2008,"866.350,07","-","ERDF","EUR","http://porfesr.lazio.it/PORFESR/galleria_allegati/elenco_beneficiari.pdf"
"MAREMMA ETRUSCA CONSORZIO DI BONIFICA","Sistemazione idraulica del fosso Scolo dei Giardini (codice A0005P0029 - CUP G83B09000030006)","II",3,2008,"921.373,00","-","ERDF","EUR","http://porfesr.lazio.it/PORFESR/galleria_allegati/elenco_beneficiari.pdf"
"TIVOLI COMUNE","Completamento consolidamento dei dissesti nel centro storico (codice A0005P0030 - CUP D37H87000000006)","II",3,2008,"1.200.000,00","-","ERDF","EUR","http://porfesr.lazio.it/PORFESR/galleria_allegati/elenco_beneficiari.pdf"
"VITERBO AMMISTRAZIONE PROVINCIALE","Secondo tratto del raddoppio del collettore del fosso della cupa all'interno del centro abitato (codice A0005P0031 - CUP G78G08000090006)","II",3,2008,"1.000.000,00","-","ERDF","EUR","http://porfesr.lazio.it/PORFESR/galleria_allegati/elenco_beneficiari.pdf"
"MONTI SIMBRUINI PARCO NATURALE REGIONALE","Realizzazione di un circuito per la fruizione dei centri di interesse religioso e promozione dello sviluppo turistico nel Parco dei Monti Simbruini e realizzazione di una struttur (codice A0001P0001)","II",4,2008,"900.000,00","-","ERDF","EUR","http://porfesr.lazio.it/PORFESR/galleria_allegati/elenco_beneficiari.pdf"
"ENTE REGIONALE PARCO NATURALE R.LE MONTI LUCRETILI","Nel cuore del parco tra creste, faggete, altipiani e praterie d’altitudine (codice A0001P0002 - CUP B49B08000090002)","II",4,2008,"277.200,00","-","ERDF","EUR","http://porfesr.lazio.it/PORFESR/galleria_allegati/elenco_beneficiari.pdf"
"P.R. DEI MONTI AURUNCI","Allestimento Museo Naturalistico del Parco e volorizzazione reperti paleontologici ""Orme di Dinosauro (codice A0001P0003 - CUP D68F08000030002)","II",4,2008,"280.800,00","-","ERDF","EUR","http://porfesr.lazio.it/PORFESR/galleria_allegati/elenco_beneficiari.pdf"
"P.R. DEI MONTI AURUNCI","Realizzazione sistema sentieristico del Parco Naturale dei Monti Aurunci (codice A0001P0004 - CUP D33E08000070002)","II",4,2008,"294.396,41","-","ERDF","EUR","http://porfesr.lazio.it/PORFESR/galleria_allegati/elenco_beneficiari.pdf"
"P.R. DEI MONTI AURUNCI","Realizzazione dell’Ecomuseo del Parco Naturale dei Monti Aurunci (pubblicazioni, segnaletica, guida dell’Ecomuseo) (codice A0001P0005 - CUP D39G08000060002)","II",4,2008,"270.000,00","-","ERDF","EUR","http://porfesr.lazio.it/PORFESR/galleria_allegati/elenco_beneficiari.pdf"
"ENTE REGIONALE PARCO REGIONALE DEI CASTELLI ROMANI","Punto informativo loc. Vivaro Comune di Rocca di Papa (codice A0001P0006 - CUP H39E08000170002)","II",4,2008,"330.521,91","-","ERDF","EUR","http://porfesr.lazio.it/PORFESR/galleria_allegati/elenco_beneficiari.pdf"
"ENTE REGIONALE PARCO REGIONALE DEI CASTELLI ROMANI","Recupero Nifeo Bergantino- ninfeo Dorico-Emissari lago Albano (codice A0001P0007 - CUP H25G08000080002)","II",4,2008,"384.185,75","-","ERDF","EUR","http://porfesr.lazio.it/PORFESR/galleria_allegati/elenco_beneficiari.pdf"
"PARCO NATURALE REGIONALE BRACCIANO MARTIGNANO","Itinerari tra le acque: dalla Mola Vecchia a Martignano (codice A0001P0008 - CUP C38C07000110008)","II",4,2008,"855.000,00","-","ERDF","EUR","http://porfesr.lazio.it/PORFESR/galleria_allegati/elenco_beneficiari.pdf"
"ENTE REGIONALE ROMA NATURA","Restauro e Risanamento Conservativo dell'immobile ""A"" della Tenuta della Cervelletta per la realizzazione di una struttura ricettiva ambientale (codice A0001P0009 - CUP B82I08000080002)","II",4,2008,"459.000,00","-","ERDF","EUR","http://porfesr.lazio.it/PORFESR/galleria_allegati/elenco_beneficiari.pdf"
"ENTE REGIONALE ROMA NATURA","Restauro e Risanamento Conservativo dell' immobile ""B"" ""Silos"" della Tenuta della Cervelletta per la realizzazione di una struttura ricettiva ambientale (codice A0001P0010 - CUP B82I08000090002)","II",4,2008,"459.000,00","-","ERDF","EUR","http://porfesr.lazio.it/PORFESR/galleria_allegati/elenco_beneficiari.pdf"
"P.R DI VEIO","Il Casalaccio: da Morlupo a Castelnuovo”, inserito nel Master Plan “Ecomuseo lungo la via Flaminia a Veio (codice A0001P0011 - CUP B32D08000110008)","II",4,2008,"351.252,00","-","ERDF","EUR","http://porfesr.lazio.it/PORFESR/galleria_allegati/elenco_beneficiari.pdf"
"P.R DI VEIO","L’Assura (codice A0001P0012 - CUP B32D08000100008)","II",4,2008,"558.360,00","-","ERDF","EUR","http://porfesr.lazio.it/PORFESR/galleria_allegati/elenco_beneficiari.pdf"
"ENTE REGIONALE PARCO REGIONALE DELL'APPIA ANTICA","Recupero casali storici della caffarella (codice A0001P0013 - CUP G86H08000040002)","II",4,2008,"561.906,00","-","ERDF","EUR","http://porfesr.lazio.it/PORFESR/galleria_allegati/elenco_beneficiari.pdf"
"ENTE REGIONALE PARCO REGIONALE DELL'APPIA ANTICA","Porte di Accesso e Sentieri (codice A0001P0014 - CUP G82D08000920002)","II",4,2008,"335.548,80","-","ERDF","EUR","http://porfesr.lazio.it/PORFESR/galleria_allegati/elenco_beneficiari.pdf"
"ENTE REGIONALE PARCO REGIONALE DELL'APPIA ANTICA","Area didattica e Sentieri Natura (codice A0001P0015 - CUP G85G08000040002)","II",4,2008,"300.807,90","-","ERDF","EUR","http://porfesr.lazio.it/PORFESR/galleria_allegati/elenco_beneficiari.pdf"
"BORGOROSE COMUNE","Progetto di riqualificazione e valorizzazione delle strutture di fruizione:orto botanico ed itinerario ambientale, storico architettonico, religioso e culturale (codice A0001P0016 - CUP H32D08000070006)","II",4,2008,"466.650,00","-","ERDF","EUR","http://porfesr.lazio.it/PORFESR/galleria_allegati/elenco_beneficiari.pdf"
"CAPRAROLA COMUNE","Valorizzazione e completamento via d’acqua “Le Prove"" (codice A0001P0017 - CUP f93E08000100006)","II",4,2008,"278.976,60","-","ERDF","EUR","http://porfesr.lazio.it/PORFESR/galleria_allegati/elenco_beneficiari.pdf"
"CAPRAROLA COMUNE","Recupero e valorizzazione Dogana vecchia (codice A0001P0018 - CUP F95G08000050006)","II",4,2008,"359.100,00","-","ERDF","EUR","http://porfesr.lazio.it/PORFESR/galleria_allegati/elenco_beneficiari.pdf"
"LAGO LUNGO E RIPASOTTILE R.N.CONS.TRA COMUNI","Sorgenti S. Susanna-Centro Visite Lago Lungo-Fiume S. Susanna” (codice A0001P0019 - CUP I48C08000140008)","II",4,2008,"337.500,00","-","ERDF","EUR","http://porfesr.lazio.it/PORFESR/galleria_allegati/elenco_beneficiari.pdf"
"LAGO LUNGO E RIPASOTTILE R.N.CONS.TRA COMUNI","Percorso lacustre di Ripasottile - Villa d’Assio - Lama dei Santi (codice A0001P0020 - CUP I19D08000210002)","II",4,2008,"270.000,00","-","ERDF","EUR","http://porfesr.lazio.it/PORFESR/galleria_allegati/elenco_beneficiari.pdf"
"ACQUAPENDENTE COMUNE","Un ponte sul fiume Paglia (codice A0001P0021)","II",4,2008,"495.000,00","-","ERDF","EUR","http://porfesr.lazio.it/PORFESR/galleria_allegati/elenco_beneficiari.pdf"
"ROMA AMMINISTRAZIONE PROVINCIALE","Sistemazione degli approdi della Riserva Naturale del Monte Soratte, di Filacciano e di Nazzano (codice A0001P0022)","II",4,2008,"288.000,00","-","ERDF","EUR","http://porfesr.lazio.it/PORFESR/galleria_allegati/elenco_beneficiari.pdf"
"ROMA AMMINISTRAZIONE PROVINCIALE","Realizzazione welcome area della Riserva Naturale di Macchia di Gattaceca e del Barco e della Riserva Naturale di Nomentum (codice A0001P0023)","II",4,2008,"270.000,00","-","ERDF","EUR","http://porfesr.lazio.it/PORFESR/galleria_allegati/elenco_beneficiari.pdf"
"BOMARZO COMUNE","Percorso pedonale di accesso a Monte Casoli e area ricreativa (codice A0001P0024 - CUP J33E09000000002)","II",4,2008,"270.900,00","-","ERDF","EUR","http://porfesr.lazio.it/PORFESR/galleria_allegati/elenco_beneficiari.pdf"
"AZIENDA SPEC.CONS.R.NATURALE ANT.CITTA'FREGELLAE","Interventi di recupero e valorizzazione strutturale finalizzati all’accoglienza e fruizione nella Riserva Naturale delle Antiche Città di Fragellae, Fabrateria Nova e Lago di San (codice A0001P0025)","II",4,2008,"441.000,00","-","ERDF","EUR","http://porfesr.lazio.it/PORFESR/galleria_allegati/elenco_beneficiari.pdf"
"FARNESE COMUNE","Riqualificazione e potenziamento di strutture e servizi turistici della riserva (codice A0001P0026 - CUP F29B08000050006)","II",4,2008,"279.000,00","-","ERDF","EUR","http://porfesr.lazio.it/PORFESR/galleria_allegati/elenco_beneficiari.pdf"
"Ente Regionale Riserva Naturale Monte Cervia e Monte Navegna","Itinerario storico – religioso: dal Mulino di Nespolo all’area storico – archeologico di Montagliano Sfondato, passando per la Chiesa San Giovanni in Fistola (codice A0001P0027 - CUP C93G09000010002)","II",4,2008,"369.000,00","-","ERDF","EUR","http://porfesr.lazio.it/PORFESR/galleria_allegati/elenco_beneficiari.pdf"
"BARBARANO ROMANO COMUNE","Rete sentieristica per l’accessibilità (codice A0001P0028)","II",4,2008,"342.000,00","-","ERDF","EUR","http://porfesr.lazio.it/PORFESR/galleria_allegati/elenco_beneficiari.pdf"
"CANALE MONTERANO COMUNE","Interventi sulla mura urbane di Monterano (tra Porta Cretella e Porta Romana) sul Convento di San Bonaventura e la Chiesa di San Rocco (codice A0001P0029 - CUP C57I08000010006)","II",4,2008,"470.592,00","-","ERDF","EUR","http://porfesr.lazio.it/PORFESR/galleria_allegati/elenco_beneficiari.pdf"
"Ente di Gestione del Parco Regionale Riviera di Ulisse","Recupero area archeologica Villa di Mamurra: Edificio ottagonale- Indagini preliminari e scavo (codice A0001P0030 - CUP J84B07000040008)","II",4,2008,"450.000,00","-","ERDF","EUR","http://porfesr.lazio.it/PORFESR/galleria_allegati/elenco_beneficiari.pdf"
"POSTA FIBRENO COMUNE","Completamento struttura ‘ex centro ricettività turistica’ - I lotto – Realizzazione Ostello ecocompatibile con annesso sentiero di collegamento con le sponde del lago in loc. Carpe (codice A0001P0031)","II",4,2008,"337.500,00","-","ERDF","EUR","http://porfesr.lazio.it/PORFESR/galleria_allegati/elenco_beneficiari.pdf"
"RISERVA NATURALE REGIONALE NAZZANO  TEVERE FARFA","Potenziamento delle imbarcazioni esistenti e centro polivalente per attività turistica (codice A0001P0032 - CUP C98C08000040008)","II",4,2008,"360.000,00","-","ERDF","EUR","http://porfesr.lazio.it/PORFESR/galleria_allegati/elenco_beneficiari.pdf"
"PARCO SUBURBANO VALLE DEL TREJA CONSORZIO TRA COM.","Valorizzazione del sito medievale di Santa Maria di Castelvecchio (codice A0001P0033 - CUP H22D08000050009)","II",4,2008,"316.890,01","-","ERDF","EUR","http://porfesr.lazio.it/PORFESR/galleria_allegati/elenco_beneficiari.pdf"
"PARCO SUBURBANO VALLE DEL TREJA CONSORZIO TRA COM.","Fruizione dell’ambiente fluviale nei pressi del Santuario falisco di Monti Li Santi – Le Rote e valorizzazione della necropoli del Cavone di Monte Li Santi (codice A0001P0034 - CUP H62D08000030009)","II",4,2008,"316.890,01","-","ERDF","EUR","http://porfesr.lazio.it/PORFESR/galleria_allegati/elenco_beneficiari.pdf"
"MONTI SIMBRUINI PARCO NATURALE REGIONALE","Realizzazione di un circuito per la fruizione dei centri di interesse religioso e promozione dello sviluppo turistico nel Parco dei Monti Simbruini e realizzazione di interventi (codice A0002P0001 - CUP C33G07000180002)","II",4,2008,"1.000.000,00","-","ERDF","EUR","http://porfesr.lazio.it/PORFESR/galleria_allegati/elenco_beneficiari.pdf"
"ENTE REGIONALE PARCO NATURALE R.LE MONTI LUCRETILI","Da Monte Matano a Monteflavio attraverso leccete, boschi misti e coltivi (codice A0002P0002 - CUP B29B08000140002)","II",4,2008,"738.000,00","-","ERDF","EUR","http://porfesr.lazio.it/PORFESR/galleria_allegati/elenco_beneficiari.pdf"
"ENTE REGIONALE PARCO NATURALE R.LE MONTI LUCRETILI","Nei boschi misti tra Vicovaro e Campitello (codice A0002P0003 - CUP B59B08000110002)","II",4,2008,"474.500,00","-","ERDF","EUR","http://porfesr.lazio.it/PORFESR/galleria_allegati/elenco_beneficiari.pdf"
"P.R. DEI MONTI AURUNCI","Interventi tesi alla realizzazione di aree attrezzate per attività didattiche- turistiche e ricettive in località Monte Faggeto, Pozzo Ranucci, e Parco Letterario ""Landolfi""nei comu (codice A0002P0004 - CUP D86G08000090002)","II",4,2008,"300.000,00","-","ERDF","EUR","http://porfesr.lazio.it/PORFESR/galleria_allegati/elenco_beneficiari.pdf"
"P.R. DEI MONTI AURUNCI","Interventi di recupero Chiesa Santa Maria Maggiore in Lenola (codice A0002P0005 - CUP D39G08000070002)","II",4,2008,"300.000,00","-","ERDF","EUR","http://porfesr.lazio.it/PORFESR/galleria_allegati/elenco_beneficiari.pdf"
"P.R. DEI MONTI AURUNCI","Interventi per la valorizzazione del patrimonio carsico (doline, inghiottitoi, forre e grotte) (codice A0002P0006 - CUP D36H08000016002)","II",4,2008,"300.000,00","-","ERDF","EUR","http://porfesr.lazio.it/PORFESR/galleria_allegati/elenco_beneficiari.pdf"
"ENTE REGIONALE PARCO REGIONALE DEI CASTELLI ROMANI","Punto informativo loc. Groticelle Comune di Rocca di Papa (codice A0002P0007 - CUP H39E08000160002)","II",4,2008,"380.654,68","-","ERDF","EUR","http://porfesr.lazio.it/PORFESR/galleria_allegati/elenco_beneficiari.pdf"
"PARCO NATURALE REGIONALE BRACCIANO MARTIGNANO","Porta del parco - riconversione dell’ex mattatoio comunale in struttura di vista del parco (punto informativo, punto ristoro ed Ecomuseo) (codice A0002P0008)","II",4,2008,"920.000,00","-","ERDF","EUR","http://porfesr.lazio.it/PORFESR/galleria_allegati/elenco_beneficiari.pdf"
"ENTE REGIONALE ROMA NATURA","Restauro e Risanamanto Conservativo dell' immobile ""C"" della Tenuta della Cervelletta per la realizzazione di un Centro di Divulgazione Ambientale (codice A0002P0009 - CUP B82I08000100002)","II",4,2008,"510.000,00","-","ERDF","EUR","http://porfesr.lazio.it/PORFESR/galleria_allegati/elenco_beneficiari.pdf"
"ENTE REGIONALE ROMA NATURA","Restauro e Risanamento Conservativo dell' immobile ""D"" della Tenuta della Cervelletta per la realizzazione di una struttura aperta - coperta per l'Educazione Ambientale e realizz (codice A0002P0010 - CUP B82I08000110002)","II",4,2008,"400.000,00","-","ERDF","EUR","http://porfesr.lazio.it/PORFESR/galleria_allegati/elenco_beneficiari.pdf"
"P.R DI VEIO","I fontanili e le sorgenti e le mole nel territorio di Castelnuovo di Porto (codice A0002P0011 - CUP B42DO8000020002)","II",4,2008,"814.560,00","-","ERDF","EUR","http://porfesr.lazio.it/PORFESR/galleria_allegati/elenco_beneficiari.pdf"
"ENTE REGIONALE PARCO REGIONALE DELL'APPIA ANTICA","Conservazione cisterne Monumentali (codice A0002P0012 - CUP G82D08000910002)","II",4,2008,"319.317,17","-","ERDF","EUR","http://porfesr.lazio.it/PORFESR/galleria_allegati/elenco_beneficiari.pdf"
"ENTE REGIONALE PARCO REGIONALE DELL'APPIA ANTICA","Conservazione cisterne Minori (codice A0002P0013 - CUP G87I08000110002)","II",4,2008,"323.413,57","-","ERDF","EUR","http://porfesr.lazio.it/PORFESR/galleria_allegati/elenco_beneficiari.pdf"
"BORGOROSE COMUNE","Recupero di fabbricato rurale da adibire a foresteria ed ecomuseo tra le rovine del borgo storico colpito dal sisma nel 1915 (codice A0002P0014 - CUP H35G08000070006)","II",4,2008,"480.000,00","-","ERDF","EUR","http://porfesr.lazio.it/PORFESR/galleria_allegati/elenco_beneficiari.pdf"
"CAPRAROLA COMUNE","Recupero antico percorso via Francigena (codice A0002P0015 - CUP F95G08000040006)","II",4,2008,"304.747,00","-","ERDF","EUR","http://porfesr.lazio.it/PORFESR/galleria_allegati/elenco_beneficiari.pdf"
"LAGO LUNGO E RIPASOTTILE R.N.CONS.TRA COMUNI","Ponte Crispolti – Centro Visite Ripasottile (codice A0002P0016 - CUP I39D08000120008)","II",4,2008,"375.000,00","-","ERDF","EUR","http://porfesr.lazio.it/PORFESR/galleria_allegati/elenco_beneficiari.pdf"
"ACQUAPENDENTE COMUNE","In cammino dal Centro Visite al fiume Paglia (codice A0002P0017)","II",4,2008,"501.000,00","-","ERDF","EUR","http://porfesr.lazio.it/PORFESR/galleria_allegati/elenco_beneficiari.pdf"
"ROMA AMMINISTRAZIONE PROVINCIALE","Acquisto di due battelli ecocompatibili (codice A0002P0018)","II",4,2008,"300.000,00","-","ERDF","EUR","http://porfesr.lazio.it/PORFESR/galleria_allegati/elenco_beneficiari.pdf"
"BOMARZO COMUNE","Punto vendita e informazioni turistiche, percorso e area di sosta (codice A0002P0019 - CUP J33E09000010002)","II",4,2008,"450.000,00","-","ERDF","EUR","http://porfesr.lazio.it/PORFESR/galleria_allegati/elenco_beneficiari.pdf"
"BOMARZO COMUNE","Area pic-nic, gioco bambini e area sosta (codice A0002P0020 - CUP J33E09000020002)","II",4,2008,"305.000,00","-","ERDF","EUR","http://porfesr.lazio.it/PORFESR/galleria_allegati/elenco_beneficiari.pdf"
"FROSINONE AMMINISTRAZIONE PROVINCIALE","Completamento della sentieristica circumlacuale all’interno della Riserva Naturale Lago di Canterno (codice A0002P0021)","II",4,2008,"500.000,00","-","ERDF","EUR","http://porfesr.lazio.it/PORFESR/galleria_allegati/elenco_beneficiari.pdf"
"FARNESE COMUNE","Recupero e riqualificazione della Chiesa di S. Maria in Sala: sistemazione idrogeologica dell'area, rifacimento copertura, opere di consolidamento, sistemazione viabilità di access (codice A0002P0022 - CUP F24B08000150006)","II",4,2008,"380.000,00","-","ERDF","EUR","http://porfesr.lazio.it/PORFESR/galleria_allegati/elenco_beneficiari.pdf"
"Ente Regionale Riserva Naturale Monte Cervia e Monte Navegna","Sistema di fruizione per l’interpretazione del paesaggio (codice A0002P0023 - CUP C92I09000000008)","II",4,2008,"375.000,00","-","ERDF","EUR","http://porfesr.lazio.it/PORFESR/galleria_allegati/elenco_beneficiari.pdf"
"BARBARANO ROMANO COMUNE","Civiltà etrusca nel territorio di Barbarano (codice A0002P0024)","II",4,2008,"380.000,00","-","ERDF","EUR","http://porfesr.lazio.it/PORFESR/galleria_allegati/elenco_beneficiari.pdf"
"CANALE MONTERANO COMUNE","Ecomuseo diffuso della Valle del Mignone (codice A0002P0025 - CUP C56H08000190006)","II",4,2008,"327.120,00","-","ERDF","EUR","http://porfesr.lazio.it/PORFESR/galleria_allegati/elenco_beneficiari.pdf"
"Ente di Gestione del Parco Regionale Riviera di Ulisse","Recupero area archeologica Villa di Mamurra:Edificio Ottagonale-restauro e interventi conservativi. (codice A0002P0026 - CUP J84B07000030008)","II",4,2008,"500.000,00","-","ERDF","EUR","http://porfesr.lazio.it/PORFESR/galleria_allegati/elenco_beneficiari.pdf"
"POSTA FIBRENO COMUNE","Completamento struttura ""ex centro ricettività turistica"", II° lotto, Realizzazione centro visita, laboratori ambientali della Riserva, con annesse aree sosta e servizio (codice A0002P0027)","II",4,2008,"375.000,00","-","ERDF","EUR","http://porfesr.lazio.it/PORFESR/galleria_allegati/elenco_beneficiari.pdf"
"RISERVA NATURALE REGIONALE NAZZANO  TEVERE FARFA","Potenziamento delle aree attrezzate, allestimento fattoria didattica - acquisto mezzi ecologici (codice A0002P0028)","II",4,2008,"400.000,00","-","ERDF","EUR","http://porfesr.lazio.it/PORFESR/galleria_allegati/elenco_beneficiari.pdf"
"PARCO SUBURBANO VALLE DEL TREJA CONSORZIO TRA COM.","Sistemazione e valorizzazione del sentiero ""Rio"" da Calcata a Narce e degli sacvi del santuario falisco di Monte li santi -le Rote (codice A0002P0029 - CUP H62D08000030009)","II",4,2008,"430.500,00","-","ERDF","EUR","http://porfesr.lazio.it/PORFESR/galleria_allegati/elenco_beneficiari.pdf"
"AGENZIA SVILUPPO LAZIO S.P.A.","Piano degli interventi A.T. Sviluppo Lazio 2008 (codice A0019P0001)","IV",1,2008,"3.638.000,00","-","ERDF","EUR","http://porfesr.lazio.it/PORFESR/galleria_allegati/elenco_beneficiari.pdf"
"AGENZIA SVILUPPO LAZIO S.P.A.","Piano degli interventi Incentivi Sviluppo Lazio 2008/15 (codice A0019P0002)","IV",1,2008,"2.745.000,00","-","ERDF","EUR","http://porfesr.lazio.it/PORFESR/galleria_allegati/elenco_beneficiari.pdf"
"AGENZIA SVILUPPO LAZIO S.P.A.","Interventi per la valorizzazione e la promozione dei GAC (codice A0019P0003)","IV",1,2008,"478.500,00","-","ERDF","EUR","http://porfesr.lazio.it/PORFESR/galleria_allegati/elenco_beneficiari.pdf"
"AGENZIA SVILUPPO LAZIO S.P.A.","Piano di Comunicazione 2009 (codice A0019P0004)","IV",1,2008,"2.693.000,00","-","ERDF","EUR","http://porfesr.lazio.it/PORFESR/galleria_allegati/elenco_beneficiari.pdf"
"FILAS SPA","Piano Operativo di Gestione Attività I.1 ""Potenziamento e messa in rete delle attività di ricerca e trasferimento tecnologico"" (codice A0019P0006)","IV",1,2008,"525.000,00","-","ERDF","EUR","http://porfesr.lazio.it/PORFESR/galleria_allegati/elenco_beneficiari.pdf"
"AGENZIA SVILUPPO LAZIO S.P.A.","Piano Operativo di Gestione degli Avvisi Pubblici e dello Schema di Convenzione tra la Regione Lazio e l’Agenzia regionale per gli investimenti e lo sviluppo (Attività II.1) (codice A0019P0007)","IV",1,2008,"113.280,00","-","ERDF","EUR","http://porfesr.lazio.it/PORFESR/galleria_allegati/elenco_beneficiari.pdf"
