"Nom ou raison sociale du bénéficiaire","Intitulé du dossier","Montant du projet en coût total","Montant du cofinanceur européen","Fonds européen concerné","Région de localisation du dossier","Localisation","Programme","Catégorisation","Libellé catégorisation"
"ADISES ACTIVE","Développement et intégration dans l'économie locale des entreprenariats d'insertion, d'utilité sociale et de solidarité",220530,55000,"FONDS SOCIAL EUROPEEN","RHONE-ALPES",,"Programme opérationnel national Fonds social européen","68","Aide au travail indépendant et à la création d'entreprise"
"AETE - ASSOCIATION EUROPEDITERRANEENNE POUR LE TRAVAIL ET LES ECHANGES","ENTREPRENDRE QUAND MEME",44750,14750,"FONDS SOCIAL EUROPEEN","999",,"Programme opérationnel national Fonds social européen","68","Aide au travail indépendant et à la création d'entreprise"
"AETE - ASSOCIATION EUROPEDITERRANEENNE POUR LE TRAVAIL ET LES ECHANGES","ENTREPRENDRE QUAND MEME",44750,14750,"FONDS SOCIAL EUROPEEN","999",,"Programme opérationnel national Fonds social européen","70","Actions spécifiques pour renforcer la participation des migrants sur le marché du travail..."
"AETE - ASSOCIATION EUROPEDITERRANEENNE POUR LE TRAVAIL ET LES ECHANGES","ENTREPRENDRE QUAND MEME",44750,14750,"FONDS SOCIAL EUROPEEN","999",,"Programme opérationnel national Fonds social européen","80","Promouvoir les partenariats, les pactes et les initiatives par la mise en réseau des acteurs concernés"
"AFILE 77","Développement et intégration dans l'économie locale des entreprenariats d'insertion, d'utilité sociale et de solidarité",230158,38219,"FONDS SOCIAL EUROPEEN","ILE-DE-FRANCE",,"Programme opérationnel national Fonds social européen","68","Aide au travail indépendant et à la création d'entreprise"
"AFPA Direction de l'Ingénierie Département Industrie","Industrie citoyenne",148413,81620,"FONDS SOCIAL EUROPEEN","999",,"Programme opérationnel national Fonds social européen","73","Mesures pour renforcer la participation dans l'éducation et la formation tout au long de la vie..."
"AFPA Direction de l'Ingénierie Département Industrie","Industrie citoyenne",148413,81620,"FONDS SOCIAL EUROPEEN","999",,"Programme opérationnel national Fonds social européen","80","Promouvoir les partenariats, les pactes et les initiatives par la mise en réseau des acteurs concernés"
"AGEFOS PME","Appui technique au réseau AGEFOS PME dans la mise en oeuvre de la nouvelle programmation 2007-2013",554510,210000,"FONDS SOCIAL EUROPEEN","999",,"Programme opérationnel national Fonds social européen","86","Evaluation et études; information et communication"
"AGEFOS PME","Extension de l'expérimentation du CTP sur 25 bassins d'emploi",10700000,5700000,"FONDS SOCIAL EUROPEEN","999",,"Programme opérationnel national Fonds social européen","64","Développement de services spécifiques d'emploi, de formation et de soutien dans le contexte de restructuration sectorielle..."
"Agence de valorisation des initiatives socio-économiques (AVISE)","Appui aux acteurs de l'économie sociale sur l'accès au FSE",142000,80000,"FONDS SOCIAL EUROPEEN","999",,"Programme opérationnel national Fonds social européen","80","Promouvoir les partenariats, les pactes et les initiatives par la mise en réseau des acteurs concernés"
"Agence de valorisation des initiatives socio-économiques (AVISE)","Assistance Technique",80000,56000,"FONDS SOCIAL EUROPEEN","999",,"Programme opérationnel national Fonds social européen","85","Préparation, mise en oeuvre, suivi et inspection "
"Agence de valorisation des initiatives socio-économiques (AVISE)","Programme Centre ressources pour l'appui aux collectivités territoriales dans leur politique en faveur de l'ESS",155000,35000,"FONDS SOCIAL EUROPEEN","999",,"Programme opérationnel national Fonds social européen","80","Promouvoir les partenariats, les pactes et les initiatives par la mise en réseau des acteurs concernés"
"Agence de valorisation des initiatives socio-économiques (AVISE)","Programme Dispositif d'accompagnement DLA-C2RA-CNAR",1000000,450000,"FONDS SOCIAL EUROPEEN","999",,"Programme opérationnel national Fonds social européen","80","Promouvoir les partenariats, les pactes et les initiatives par la mise en réseau des acteurs concernés"
"Agence de valorisation des initiatives socio-économiques (AVISE)","Programme Entrepreneurs Sociaux",304000,136000,"FONDS SOCIAL EUROPEEN","999",,"Programme opérationnel national Fonds social européen","68","Aide au travail indépendant et à la création d'entreprise"
"Agence de valorisation des initiatives socio-économiques (AVISE)","Programme Professionnalisation des acteurs de l'ESS - TSF",10000,5000,"FONDS SOCIAL EUROPEEN","999",,"Programme opérationnel national Fonds social européen","72","Élaboration, introduction et mise en oeuvre de réformes dans les systèmes d'éducation et de formation..."
"Agence de valorisation des initiatives socio-économiques (AVISE)","Subvention globale de l'agence de valorisation des initiatives socio-économiques (AVISE)",11570000,5102000,"FONDS SOCIAL EUROPEEN","999",,"Programme opérationnel national Fonds social européen","86","Evaluation et études; information et communication"
"Agence nationale pour la cohésion sociale et l'égalité des chances (ACSE)","Dispositif de formation des acteurs à la prévention et à la lutte contre les discriminations",3500000,1750000,"FONDS SOCIAL EUROPEEN","Multiregion","Multilocalisation","Programme opérationnel national Fonds social européen","71","Parcours d'insertion et de retour à l'emploi pour les personnes défavorisées..."
"Agence nationale pour la cohésion sociale et l'égalité des chances (ACSE)","Dispositif de formation linguistique",60000000,30000000,"FONDS SOCIAL EUROPEEN","999",,"Programme opérationnel national Fonds social européen","70","Actions spécifiques pour renforcer la participation des migrants sur le marché du travail..."
"Alliance villes emploi (AVE)","Accompagnement des PLIE à la mise en oeuvre de la délégation de SG, de la piste d'audit et du CSF",434987,304491,"FONDS SOCIAL EUROPEEN","999",,"Programme opérationnel national Fonds social européen","86","Evaluation et études; information et communication"
"A l'Ouest des Dents","E-Learning / Visio formation",458331,252071,"FONDS SOCIAL EUROPEEN","Multiregion","Multilocalisation","Programme opérationnel national Fonds social européen","13","Services et applications pour les citoyens (santé, gouvernement, formation en ligne, participation de tous à la société de l'information, etc.)"
"A l'Ouest des Dents","E-Learning / Visio formation",458331,252071,"FONDS SOCIAL EUROPEEN","Multiregion","Multilocalisation","Programme opérationnel national Fonds social européen","62","Développement de systèmes et stratégies d'apprentissage tout au long de la vie dans les entreprises; formation et services aux employés..."
"A l'Ouest des Dents","E-Learning / Visio formation",458331,252071,"FONDS SOCIAL EUROPEEN","Multiregion","Multilocalisation","Programme opérationnel national Fonds social européen","72","Élaboration, introduction et mise en oeuvre de réformes dans les systèmes d'éducation et de formation..."
"A l'Ouest des Dents","E-Learning / Visio formation",458331,252071,"FONDS SOCIAL EUROPEEN","Multiregion","Multilocalisation","Programme opérationnel national Fonds social européen","80","Promouvoir les partenariats, les pactes et les initiatives par la mise en réseau des acteurs concernés"
"Alpes de lumière","Formation aux nouveaux métiers du patrimoine et insertion sociale professionnelle de personnes à bas niveau de qualification",68986,37942,"FONDS SOCIAL EUROPEEN","PROVENCE-ALPES-COTE D´AZUR",,"Programme opérationnel national Fonds social européen","71","Parcours d'insertion et de retour à l'emploi pour les personnes défavorisées..."
"Alpes de lumière","Formation aux nouveaux métiers du patrimoine et insertion sociale professionnelle de personnes à bas niveau de qualification",68986,37942,"FONDS SOCIAL EUROPEEN","PROVENCE-ALPES-COTE D´AZUR",,"Programme opérationnel national Fonds social européen","80","Promouvoir les partenariats, les pactes et les initiatives par la mise en réseau des acteurs concernés"
"Alsace Active","Développement et intégration dans l'économie locale des entreprenariats d'insertion, d'utilité sociale et de solidarité",207925,40000,"FONDS SOCIAL EUROPEEN","ALSACE",,"Programme opérationnel national Fonds social européen","68","Aide au travail indépendant et à la création d'entreprise"
"Amicale du nid","L'accès à l'emploi, un enjeu individuel et collectif : comprendre - prévenir - former - accompagner",152626,83631,"FONDS SOCIAL EUROPEEN","999",,"Programme opérationnel national Fonds social européen","71","Parcours d'insertion et de retour à l'emploi pour les personnes défavorisées..."
"Amicale du nid","L'accès à l'emploi, un enjeu individuel et collectif : comprendre - prévenir - former - accompagner",152626,83631,"FONDS SOCIAL EUROPEEN","999",,"Programme opérationnel national Fonds social européen","80","Promouvoir les partenariats, les pactes et les initiatives par la mise en réseau des acteurs concernés"
"Aquitaine Active","Développement et intégration dans l'économie locale des entreprenariats d'insertion, d'utilité sociale et de solidarité",207879,40000,"FONDS SOCIAL EUROPEEN","AQUITAINE",,"Programme opérationnel national Fonds social européen","68","Aide au travail indépendant et à la création d'entreprise"
"ARETE","AGEFIT (Flexible instruments and tools for age proof organisations)",123167,67000,"FONDS SOCIAL EUROPEEN","999",,"Programme opérationnel national Fonds social européen","67","Mesures encourageant le vieillissement actif et la prolongation de la vie active"
"ARETE","AGEFIT (Flexible instruments and tools for age proof organisations)",123167,67000,"FONDS SOCIAL EUROPEEN","999",,"Programme opérationnel national Fonds social européen","80","Promouvoir les partenariats, les pactes et les initiatives par la mise en réseau des acteurs concernés"
"ASMOUNE","Entreprendre Quand Même",56006,34150,"FONDS SOCIAL EUROPEEN","Multiregion","Multilocalisation","Programme opérationnel national Fonds social européen","68","Aide au travail indépendant et à la création d'entreprise"
"ASMOUNE","Entreprendre Quand Même",56006,34150,"FONDS SOCIAL EUROPEEN","Multiregion","Multilocalisation","Programme opérationnel national Fonds social européen","70","Actions spécifiques pour renforcer la participation des migrants sur le marché du travail..."
"ASMOUNE","Entreprendre Quand Même",56006,34150,"FONDS SOCIAL EUROPEEN","Multiregion","Multilocalisation","Programme opérationnel national Fonds social européen","80","Promouvoir les partenariats, les pactes et les initiatives par la mise en réseau des acteurs concernés"
"Association de formation continue du massif central (AFORMAC)","TRAM'WAY Station 1: Structuration, qualification de la mobilité entrante et sortante en Europe",191000,105050,"FONDS SOCIAL EUROPEEN","Multiregion","Multilocalisation","Programme opérationnel national Fonds social européen","72","Élaboration, introduction et mise en oeuvre de réformes dans les systèmes d'éducation et de formation..."
"Association de formation continue du massif central (AFORMAC)","TRAM'WAY Station 1: Structuration, qualification de la mobilité entrante et sortante en Europe",191000,105050,"FONDS SOCIAL EUROPEEN","Multiregion","Multilocalisation","Programme opérationnel national Fonds social européen","80","Promouvoir les partenariats, les pactes et les initiatives par la mise en réseau des acteurs concernés"
"Association de formation continue du massif central (AFORMAC)","TRAM'WAY Station 2 : Vers une certification des bénéficiaires de la mobilité et une labellisation des réseaux",272727,150000,"FONDS SOCIAL EUROPEEN","Multiregion","Multilocalisation","Programme opérationnel national Fonds social européen","71","Parcours d'insertion et de retour à l'emploi pour les personnes défavorisées..."
"Association de formation continue du massif central (AFORMAC)","TRAM'WAY Station 2 : Vers une certification des bénéficiaires de la mobilité et une labellisation des réseaux",272727,150000,"FONDS SOCIAL EUROPEEN","Multiregion","Multilocalisation","Programme opérationnel national Fonds social européen","80","Promouvoir les partenariats, les pactes et les initiatives par la mise en réseau des acteurs concernés"
"Association des cités du secours catholique (ACSC)","Découverte et expérimentation croisée de pratiques, méthodes et outils pour favoriser l'autonomisati",87000,45000,"FONDS SOCIAL EUROPEEN","Multiregion","Multilocalisation","Programme opérationnel national Fonds social européen","71","Parcours d'insertion et de retour à l'emploi pour les personnes défavorisées..."
"Association des cités du secours catholique (ACSC)","Découverte et expérimentation croisée de pratiques, méthodes et outils pour favoriser l'autonomisati",87000,45000,"FONDS SOCIAL EUROPEEN","Multiregion","Multilocalisation","Programme opérationnel national Fonds social européen","80","Promouvoir les partenariats, les pactes et les initiatives par la mise en réseau des acteurs concernés"
"Association Française des Parcs Zoologiques","Formation du personnel des établissements zoologiques à la gestion des programmes européens d'élevage d'espèces en voie de disparition",28789,15834,"FONDS SOCIAL EUROPEEN","Multiregion","Multilocalisation","Programme opérationnel national Fonds social européen","56","Protection et valorisation du patrimoine naturel"
"Association Française des Parcs Zoologiques","Formation du personnel des établissements zoologiques à la gestion des programmes européens d'élevage d'espèces en voie de disparition",28789,15834,"FONDS SOCIAL EUROPEEN","Multiregion","Multilocalisation","Programme opérationnel national Fonds social européen","64","Développement de services spécifiques d'emploi, de formation et de soutien dans le contexte de restructuration sectorielle..."
"Association Française des Parcs Zoologiques","Formation du personnel des établissements zoologiques à la gestion des programmes européens d'élevage d'espèces en voie de disparition",28789,15834,"FONDS SOCIAL EUROPEEN","Multiregion","Multilocalisation","Programme opérationnel national Fonds social européen","80","Promouvoir les partenariats, les pactes et les initiatives par la mise en réseau des acteurs concernés"
"Association France Active","Animation",991320,308841,"FONDS SOCIAL EUROPEEN","999",,"Programme opérationnel national Fonds social européen","68","Aide au travail indépendant et à la création d'entreprise"
"Association France Active","Assistance Technique",134191,100643,"FONDS SOCIAL EUROPEEN","999",,"Programme opérationnel national Fonds social européen",,
"Association France Active","CNAR Financement",1438731,518731,"FONDS SOCIAL EUROPEEN","999",,"Programme opérationnel national Fonds social européen","80","Promouvoir les partenariats, les pactes et les initiatives par la mise en réseau des acteurs concernés"
"Association France Active","Formation",217045,64509,"FONDS SOCIAL EUROPEEN","999",,"Programme opérationnel national Fonds social européen","68","Aide au travail indépendant et à la création d'entreprise"
"Association France Active","Sécurisation",766553,226650,"FONDS SOCIAL EUROPEEN","999",,"Programme opérationnel national Fonds social européen","68","Aide au travail indépendant et à la création d'entreprise"
"Association France Active","Subvention globale de l'association France Active",22294719,7850190,"FONDS SOCIAL EUROPEEN","999",,"Programme opérationnel national Fonds social européen","86","Evaluation et études; information et communication"
"Association nationale pour la formation professionnelle des adultes","Adapter les systèmes d'orientation et les référentiels de formation et de certification de l'AFPA au",7076000,3891800,"FONDS SOCIAL EUROPEEN","Multiregion","Multilocalisation","Programme opérationnel national Fonds social européen","72","Élaboration, introduction et mise en oeuvre de réformes dans les systèmes d'éducation et de formation..."
"Association nationale pour la formation professionnelle des adultes","Adapter les systèmes d'orientation et les référentiels de formation et de certification de l'AFPA au",14152000,7783600,"FONDS SOCIAL EUROPEEN","Multiregion","Multilocalisation","Programme opérationnel national Fonds social européen","72","Élaboration, introduction et mise en oeuvre de réformes dans les systèmes d'éducation et de formation..."
"Association nationale pour la formation professionnelle des adultes","Améliorer l'accès à la formation professionnelle et à la qualification des publics en grande difficu",24001180,12000590,"FONDS SOCIAL EUROPEEN","Multiregion","Multilocalisation","Programme opérationnel national Fonds social européen","71","Parcours d'insertion et de retour à l'emploi pour les personnes défavorisées..."
"Association nationale pour la formation professionnelle des adultes","Améliorer l'accès à la formation professionnelle et à la qualification des publics en grande difficu",52633576,26316788,"FONDS SOCIAL EUROPEEN","Multiregion","Multilocalisation","Programme opérationnel national Fonds social européen","71","Parcours d'insertion et de retour à l'emploi pour les personnes défavorisées..."
"Association nationale pour la formation professionnelle des adultes","Le Bâtiment Durable, moteur pour l'insertion des publics spécifiques",205855,111530,"FONDS SOCIAL EUROPEEN","Multiregion","Multilocalisation","Programme opérationnel national Fonds social européen","72","Élaboration, introduction et mise en oeuvre de réformes dans les systèmes d'éducation et de formation..."
"Association nationale pour la formation professionnelle des adultes","Le Bâtiment Durable, moteur pour l'insertion des publics spécifiques",205855,111530,"FONDS SOCIAL EUROPEEN","Multiregion","Multilocalisation","Programme opérationnel national Fonds social européen","80","Promouvoir les partenariats, les pactes et les initiatives par la mise en réseau des acteurs concernés"
"Association pour le droit à l'Initiative économique (ADIE)","Conception des méthodologies d'accompagnement de projets de création de micro entreprises pour les publics les plus défavorisés",6187272,2175654,"FONDS SOCIAL EUROPEEN","999",,"Programme opérationnel national Fonds social européen","68","Aide au travail indépendant et à la création d'entreprise"
"Auvergne Active","Développement et intégration dans l'économie locale des entreprenariats d'insertion, d'utilité sociale et de solidarité",263163,100000,"FONDS SOCIAL EUROPEEN","AUVERGNE",,"Programme opérationnel national Fonds social européen","68","Aide au travail indépendant et à la création d'entreprise"
"Basse-Normandie Active","Développement et intégration dans l'économie locale des entreprenariats d'insertion, d'utilité sociale et de solidarité",155133,37000,"FONDS SOCIAL EUROPEEN","BASSE-NORMANDIE",,"Programme opérationnel national Fonds social européen","68","Aide au travail indépendant et à la création d'entreprise"
"Bourgogne Active","Développement et intégration dans l'économie locale des entreprenariats d'insertion, d'utilité sociale et de solidarité",189911,45000,"FONDS SOCIAL EUROPEEN","BOURGOGNE",,"Programme opérationnel national Fonds social européen","68","Aide au travail indépendant et à la création d'entreprise"
"BOUTIQUES DE GESTION PARIS ILE DE FRANCE","ENTREPRENDRE QUAND MEME",22547,14600,"FONDS SOCIAL EUROPEEN","999",,"Programme opérationnel national Fonds social européen","68","Aide au travail indépendant et à la création d'entreprise"
"BOUTIQUES DE GESTION PARIS ILE DE FRANCE","ENTREPRENDRE QUAND MEME",22547,14600,"FONDS SOCIAL EUROPEEN","999",,"Programme opérationnel national Fonds social européen","70","Actions spécifiques pour renforcer la participation des migrants sur le marché du travail..."
"BOUTIQUES DE GESTION PARIS ILE DE FRANCE","ENTREPRENDRE QUAND MEME",22547,14600,"FONDS SOCIAL EUROPEEN","999",,"Programme opérationnel national Fonds social européen","80","Promouvoir les partenariats, les pactes et les initiatives par la mise en réseau des acteurs concernés"
"Bretagne Développement Initiatives","Développement et intégration dans l'économie locale des entreprenariats d'insertion, d'utilité sociale et de solidarité",359474,140000,"FONDS SOCIAL EUROPEEN","BRETAGNE",,"Programme opérationnel national Fonds social européen","68","Aide au travail indépendant et à la création d'entreprise"
"C2R, Centre de Ressources et de Recherche de l'URI CFDT Rhône-Alpes","Bien être au travail",27314,14555,"FONDS SOCIAL EUROPEEN","RHONE-ALPES",,"Programme opérationnel national Fonds social européen","63","Conception et diffusion de modes d'organisation du travail innovateurs et plus productifs"
"C2R, Centre de Ressources et de Recherche de l'URI CFDT Rhône-Alpes","Bien être au travail",27314,14555,"FONDS SOCIAL EUROPEEN","RHONE-ALPES",,"Programme opérationnel national Fonds social européen","80","Promouvoir les partenariats, les pactes et les initiatives par la mise en réseau des acteurs concernés"
"CEFIR- Centre d'éducation et de formation interculturel rencontre","ENTREPRENDRE QUAND MEME",25982,16500,"FONDS SOCIAL EUROPEEN","999",,"Programme opérationnel national Fonds social européen","68","Aide au travail indépendant et à la création d'entreprise"
"CEFIR- Centre d'éducation et de formation interculturel rencontre","ENTREPRENDRE QUAND MEME",25982,16500,"FONDS SOCIAL EUROPEEN","999",,"Programme opérationnel national Fonds social européen","70","Actions spécifiques pour renforcer la participation des migrants sur le marché du travail..."
"CEFIR- Centre d'éducation et de formation interculturel rencontre","ENTREPRENDRE QUAND MEME",25982,16500,"FONDS SOCIAL EUROPEEN","999",,"Programme opérationnel national Fonds social européen","80","Promouvoir les partenariats, les pactes et les initiatives par la mise en réseau des acteurs concernés"
"CENTR'ACTIF","Développement et intégration dans l'économie locale des entreprenariats d'insertion, d'utilité sociale et de solidarité",37500,18750,"FONDS SOCIAL EUROPEEN","CENTRE",,"Programme opérationnel national Fonds social européen","68","Aide au travail indépendant et à la création d'entreprise"
"Centre d'enseignement zootechnique","Participation du CEZ - Bergerie nationale au PNAI dans l'enseignement agricole",1684357,926396,"FONDS SOCIAL EUROPEEN","999",,"Programme opérationnel national Fonds social européen","72","Élaboration, introduction et mise en oeuvre de réformes dans les systèmes d'éducation et de formation..."
"Centre international détudes supérieures en sciences agronomiques - Antenne de Florac","Participation  de Montpellier SupAgro au PNA dans l'enseignement agricole",561316,216112,"FONDS SOCIAL EUROPEEN","999",,"Programme opérationnel national Fonds social européen","72","Élaboration, introduction et mise en oeuvre de réformes dans les systèmes d'éducation et de formation..."
"Centre régional pour le développement local, la formation et l'insertion des jeunes (CREDIJ)","PlastiEUCAM / CREDIJ",45000,24750,"FONDS SOCIAL EUROPEEN","999",,"Programme opérationnel national Fonds social européen","73","Mesures pour renforcer la participation dans l'éducation et la formation tout au long de la vie..."
"Centre régional pour le développement local, la formation et l'insertion des jeunes (CREDIJ)","PlastiEUCAM / CREDIJ",45000,24750,"FONDS SOCIAL EUROPEEN","999",,"Programme opérationnel national Fonds social européen","80","Promouvoir les partenariats, les pactes et les initiatives par la mise en réseau des acteurs concernés"
"Chambre régionale de l'économie sociale et solidaire (CRESS-BRETAGNE)","ECOnomie sociale et solidaire, ECO-construction et ECO-habitat",145637,80000,"FONDS SOCIAL EUROPEEN","Multiregion","Multilocalisation","Programme opérationnel national Fonds social européen","80","Promouvoir les partenariats, les pactes et les initiatives par la mise en réseau des acteurs concernés"
"Champagne Ardenne Active","Développement et intégration dans l'économie locale des entreprenariats d'insertion, d'utilité sociale et de solidarité",120590,20000,"FONDS SOCIAL EUROPEEN","CHAMPAGNE-ARDENNE",,"Programme opérationnel national Fonds social européen","68","Aide au travail indépendant et à la création d'entreprise"
"Cité des Métiers de la Cité des Sciences et de l'industrie","Mutualisation des compétences au sein du réseau des Cités des Métiers françaises ",119500,65500,"FONDS SOCIAL EUROPEEN","999",,"Programme opérationnel national Fonds social européen","65","Modernisation et renforcement des institutions du marché du travail"
"Cité des Métiers de la Cité des Sciences et de l'industrie","Mutualisation des compétences au sein du réseau des Cités des Métiers françaises ",119500,65500,"FONDS SOCIAL EUROPEEN","999",,"Programme opérationnel national Fonds social européen","80","Promouvoir les partenariats, les pactes et les initiatives par la mise en réseau des acteurs concernés"
"Comité national de liaison des régies de quartier (CNLRQ)","CNAR IAE",941568,420000,"FONDS SOCIAL EUROPEEN","999",,"Programme opérationnel national Fonds social européen","80","Promouvoir les partenariats, les pactes et les initiatives par la mise en réseau des acteurs concernés"
"Comités et organismes d'aide aux chômeurs par l'emploi (COORACE)","Renforcer et soutenir la capacité d'insertion et la création d'emplois de qualité sur les territoire",2752574,1170000,"FONDS SOCIAL EUROPEEN","999",,"Programme opérationnel national Fonds social européen","80","Promouvoir les partenariats, les pactes et les initiatives par la mise en réseau des acteurs concernés"
"Confédération générale du travail","Dialogue social territorial : quelles interventions des organisations syndicales?",699672,348500,"FONDS SOCIAL EUROPEEN","999",,"Programme opérationnel national Fonds social européen","80","Promouvoir les partenariats, les pactes et les initiatives par la mise en réseau des acteurs concernés"
"Délégation générale à l'emploi et à la formation professionnelle (DGEFP)","1er marché subséquent conclu en application de l'accord cadre n°2007-61-27 relatif à l'évaluation du PO FSE 2007-2013",199983.16,199983.16,"FONDS SOCIAL EUROPEEN","999",,"Programme opérationnel national Fonds social européen",,
"Délégation générale à l'emploi et à la formation professionnelle (DGEFP)","2eme marché subséquent n°2009 61 012 conclu en application de l'accord cadre n°2007-61-27 relatif à l'évaluation du PO FSE 2007-2013",992141.8,992141.8,"FONDS SOCIAL EUROPEEN","999",,"Programme opérationnel national Fonds social européen",,
"Délégation générale à l'emploi et à la formation professionnelle (DGEFP)","Appui à la consolidation des états d'avancement des contrôles réalisés au titre des programmes FSE de la période 2000-2006",17880.2,,"FONDS SOCIAL EUROPEEN","999",,"Programme opérationnel national Fonds social européen",,
"Délégation générale à l'emploi et à la formation professionnelle (DGEFP)","Appui à la sous direction FSE au titre de la fin de gestion 2009 Equal",91733.1,91733.1,"FONDS SOCIAL EUROPEEN","999",,"Programme opérationnel national Fonds social européen",,
"Délégation générale à l'emploi et à la formation professionnelle (DGEFP)","Assistance à maitrise d'ouvrage auprès de la DGEFP dans le cadre de la clôture Equal - Outil Olimpe",122000,122000,"FONDS SOCIAL EUROPEEN","999",,"Programme opérationnel national Fonds social européen",,
"Délégation générale à l'emploi et à la formation professionnelle (DGEFP)","Assistance à maîtrise d'ouvrage auprès du DGEFP en vue de la réorganisation du système de gestion et de contrôle du FSE mis en place au sein de la DGEFP",158230.8,158230.8,"FONDS SOCIAL EUROPEEN","999",,"Programme opérationnel national Fonds social européen",,
"Délégation générale à l'emploi et à la formation professionnelle (DGEFP)","Campagne audiovisuelle sur les fonds européens",900000,600000,"FONDS SOCIAL EUROPEEN","999",,"Programme opérationnel national Fonds social européen",,
"Délégation générale à l'emploi et à la formation professionnelle (DGEFP)","Conception, création graphique et impression de manuels de procédure pour la mise en oeuvre du PO 07/13",129168,129168,"FONDS SOCIAL EUROPEEN","999",,"Programme opérationnel national Fonds social européen",,
"Délégation générale à l'emploi et à la formation professionnelle (DGEFP)","Consignes de saisie MP",200000,200000,"FONDS SOCIAL EUROPEEN","ILE-DE-FRANCE",,"Programme opérationnel national Fonds social européen","86","Evaluation et études; information et communication"
"Délégation générale à l'emploi et à la formation professionnelle (DGEFP)","Factures de publication d'un appel à candidatures - Volters",2800,2800,"FONDS SOCIAL EUROPEEN","ILE-DE-FRANCE","PARIS / PARIS / PARIS-15E_ARRONDISSEMENT-15E_CANTON","Programme opérationnel national Fonds social européen",,
"Délégation générale à l'emploi et à la formation professionnelle (DGEFP)","Forfaitisation des coûts indirectes / Rôdl",77142,77142,"FONDS SOCIAL EUROPEEN","ILE-DE-FRANCE","PARIS / PARIS / PARIS-15E_ARRONDISSEMENT-15E_CANTON","Programme opérationnel national Fonds social européen",,
"Délégation générale à l'emploi et à la formation professionnelle (DGEFP)","Marché achat de prestation de contrôle de service fait du programme Objectif 3 à gestion directe du volet national -DGEFP",155480,155480,"FONDS SOCIAL EUROPEEN","999",,"Programme opérationnel national Fonds social européen",,
"Délégation générale à l'emploi et à la formation professionnelle (DGEFP)","Marché de communication grand public",900000,600000,"FONDS SOCIAL EUROPEEN",,,"Programme opérationnel national Fonds social européen",,
"Délégation générale à l'emploi et à la formation professionnelle (DGEFP)","Marché plate-forme Fseweb - KLEE",159068,159068,"FONDS SOCIAL EUROPEEN","ILE-DE-FRANCE","PARIS","Programme opérationnel national Fonds social européen",,
"Délégation générale à l'emploi et à la formation professionnelle (DGEFP)","Marché relatif à l'achat de prestation d'appui à la gestion, au suivi et au contrôle des opérations complémentaires programmées au titre du volet central du DOCUP FSE Objectif 3",63866.4,63866.4,"FONDS SOCIAL EUROPEEN","999",,"Programme opérationnel national Fonds social européen",,
"Délégation générale à l'emploi et à la formation professionnelle (DGEFP)","Marché relatif à l'examen des descriptifs de système de gestion et de contrôle dans le cadre de laprogrammation 2007-2013 du FSE",155480,155480,"FONDS SOCIAL EUROPEEN","999",,"Programme opérationnel national Fonds social européen",,
"Délégation générale à l'emploi et à la formation professionnelle (DGEFP)","Organisation d'un séminaire national sur l'application des règles de gestion, suivi et contrôles adaptées aux exigences Ctaires",119480.4,119480.4,"FONDS SOCIAL EUROPEEN","999",,"Programme opérationnel national Fonds social européen",,
"Délégation générale à l'emploi et à la formation professionnelle (DGEFP)","prestation de sténotypie et rédaction du compte-rendu du CNS  Compétitivité régionale et emploi  FSE du 23 mars 2009",1554.8,1554.8,"FONDS SOCIAL EUROPEEN","999",,"Programme opérationnel national Fonds social européen",,
"Délégation générale à l'emploi et à la formation professionnelle (DGEFP)","prestations de restauration pour le CNS  Compétitivité régionale et emploi  FSE du 23 mars 2009",5666.08,5666.08,"FONDS SOCIAL EUROPEEN","999",,"Programme opérationnel national Fonds social européen",,
"Délégation générale à l'emploi et à la formation professionnelle (DGEFP)","Réalisation de contrôle de service fait du Programme Equal à gestion directe du volet national pour la DGEFP",268669,268669,"FONDS SOCIAL EUROPEEN","999",,"Programme opérationnel national Fonds social européen",,
"Délégation générale à l'emploi et à la formation professionnelle (DGEFP)","réalisation de sessions de formation et d'outils pédagogiques pour le lancement de la programmation 2007-2013",102051.79,,"FONDS SOCIAL EUROPEEN","999",,"Programme opérationnel national Fonds social européen",,
"Délégation générale à l'emploi et à la formation professionnelle (DGEFP)","Traduction vers l'anglais  Entre les lignes  - ITG Pro-fusion",2045,2045,"FONDS SOCIAL EUROPEEN","ILE-DE-FRANCE","PARIS / PARIS / PARIS-15E_ARRONDISSEMENT-15E_CANTON","Programme opérationnel national Fonds social européen",,
"École nationale de formation agronomique (ENFA)","Participation de l'ENFA au PNA enseignement agricole",611916,273489,"FONDS SOCIAL EUROPEEN","999",,"Programme opérationnel national Fonds social européen","72","Élaboration, introduction et mise en oeuvre de réformes dans les systèmes d'éducation et de formation..."
"Essonne Active","Développement et intégration dans l'économie locale des entreprenariats d'insertion, d'utilité sociale et de solidarité",206562,12671,"FONDS SOCIAL EUROPEEN","ILE-DE-FRANCE",,"Programme opérationnel national Fonds social européen","68","Aide au travail indépendant et à la création d'entreprise"
"Établissement national d'enseignement supérieur agronomique de Dijon (ENESAD)","Participation de l'ENESAD/EDUTER  au PNA enseignement agricole",2568807,1291578,"FONDS SOCIAL EUROPEEN","999",,"Programme opérationnel national Fonds social européen","72","Élaboration, introduction et mise en oeuvre de réformes dans les systèmes d'éducation et de formation..."
"Établissement public d'insertion de la défense (EPIDe)","Dispositif Défense 2ème Chance",36452881,14311804,"FONDS SOCIAL EUROPEEN","999",,"Programme opérationnel national Fonds social européen","71","Parcours d'insertion et de retour à l'emploi pour les personnes défavorisées..."
"Études et chantiers Espace Central - Délégation Internationale de l'UNAREC","Formation aux nouveaux métiers du patrimoine et insertion sociale professionnelle de personnes à bas niveau de qualification",51500,28325,"FONDS SOCIAL EUROPEEN","AUVERGNE",,"Programme opérationnel national Fonds social européen","71","Parcours d'insertion et de retour à l'emploi pour les personnes défavorisées..."
"Études et chantiers Espace Central - Délégation Internationale de l'UNAREC","Formation aux nouveaux métiers du patrimoine et insertion sociale professionnelle de personnes à bas niveau de qualification",51500,28325,"FONDS SOCIAL EUROPEEN","AUVERGNE",,"Programme opérationnel national Fonds social européen","80","Promouvoir les partenariats, les pactes et les initiatives par la mise en réseau des acteurs concernés"
"Études et chantiers Espace Central - Délégation Internationale de l'UNAREC","L'Europe en Chantier !",75126,41319,"FONDS SOCIAL EUROPEEN","Multiregion","Multilocalisation","Programme opérationnel national Fonds social européen","58","Protection et préservation du patrimoine culturel"
"Études et chantiers Espace Central - Délégation Internationale de l'UNAREC","L'Europe en Chantier !",75126,41319,"FONDS SOCIAL EUROPEEN","Multiregion","Multilocalisation","Programme opérationnel national Fonds social européen","71","Parcours d'insertion et de retour à l'emploi pour les personnes défavorisées..."
"Études et chantiers Espace Central - Délégation Internationale de l'UNAREC","L'Europe en Chantier !",75126,41319,"FONDS SOCIAL EUROPEEN","Multiregion","Multilocalisation","Programme opérationnel national Fonds social européen","80","Promouvoir les partenariats, les pactes et les initiatives par la mise en réseau des acteurs concernés"
"Fédération de la Plasturgie","PlastiEUCAM / Fédération Plasturgie",90000,49500,"FONDS SOCIAL EUROPEEN","999",,"Programme opérationnel national Fonds social européen","73","Mesures pour renforcer la participation dans l'éducation et la formation tout au long de la vie..."
"Fédération de la Plasturgie","PlastiEUCAM / Fédération Plasturgie",90000,49500,"FONDS SOCIAL EUROPEEN","999",,"Programme opérationnel national Fonds social européen","80","Promouvoir les partenariats, les pactes et les initiatives par la mise en réseau des acteurs concernés"
"Fédération des aveugles et handicapés visuels de France (FAF)","Réseaux pour le développement d'un service d'assistance aux entreprises visant l'insertion professio",108480,59664,"FONDS SOCIAL EUROPEEN","Multiregion","Multilocalisation","Programme opérationnel national Fonds social européen","5","Services de soutien avancé aux sociétés et groupes de sociétés"
"Fédération des aveugles et handicapés visuels de France (FAF)","Réseaux pour le développement d'un service d'assistance aux entreprises visant l'insertion professio",108480,59664,"FONDS SOCIAL EUROPEEN","Multiregion","Multilocalisation","Programme opérationnel national Fonds social européen","66","Mise en oeuvre de mesures actives et préventives sur le marché de l'emploi"
"Fédération des aveugles et handicapés visuels de France (FAF)","Réseaux pour le développement d'un service d'assistance aux entreprises visant l'insertion professio",108480,59664,"FONDS SOCIAL EUROPEEN","Multiregion","Multilocalisation","Programme opérationnel national Fonds social européen","80","Promouvoir les partenariats, les pactes et les initiatives par la mise en réseau des acteurs concernés"
"Fondation des régions européennes pour la recherche en éducation et formation (FREREF)","Mobivet-Regio - Outils pour un cadre en faveur de la mobilité européenne des apprentis de bas niveau de qualification",144254,79340,"FONDS SOCIAL EUROPEEN","999",,"Programme opérationnel national Fonds social européen",,
"Fonds de développement solidaites des Pays de Loire (FONDES) ","Développement et intégration dans l'économie locale des entreprenariats d'insertion, d'utilité sociale et de solidarité",472950,120000,"FONDS SOCIAL EUROPEEN","PAYS DE LA LOIRE",,"Programme opérationnel national Fonds social européen","68","Aide au travail indépendant et à la création d'entreprise"
"France initiative","Programme de développement de l'entrepreneuriat des publics et des territoires à potentiel",3216943,1608473,"FONDS SOCIAL EUROPEEN","999",,"Programme opérationnel national Fonds social européen","68","Aide au travail indépendant et à la création d'entreprise"
"Franche-Comté Active","Développement et intégration dans l'économie locale des entreprenariats d'insertion, d'utilité sociale et de solidarité",175115,24408,"FONDS SOCIAL EUROPEEN","FRANCHE-COMTE",,"Programme opérationnel national Fonds social européen","68","Aide au travail indépendant et à la création d'entreprise"
"Garantie communautaire des entrepreneurs sociaux (GARANCES)","Développement et intégration dans l'économie locale des entreprenariats d'insertion, d'utilié sociale et de solidarité",185418,55000,"FONDS SOCIAL EUROPEEN","ILE-DE-FRANCE","SEINE-SAINT-DENIS","Programme opérationnel national Fonds social européen","68","Aide au travail indépendant et à la création d'entreprise"
"GIP-EFTLV de l'académie de Reims","EDGAR, Egalité, Discrimination, Grh, Adaptation, Réseau",40530,22292,"FONDS SOCIAL EUROPEEN","CHAMPAGNE-ARDENNE",,"Programme opérationnel national Fonds social européen","70","Actions spécifiques pour renforcer la participation des migrants sur le marché du travail..."
"GIP-EFTLV de l'académie de Reims","EDGAR, Egalité, Discrimination, Grh, Adaptation, Réseau",40530,22292,"FONDS SOCIAL EUROPEEN","CHAMPAGNE-ARDENNE",,"Programme opérationnel national Fonds social européen","80","Promouvoir les partenariats, les pactes et les initiatives par la mise en réseau des acteurs concernés"
"GIP - FCIP de l'académie de Aix-Marseille","EDGAR, Egalité, Discrimination, GRH, Adaptation, Réseau",45547,24442,"FONDS SOCIAL EUROPEEN","PROVENCE-ALPES-COTE D´AZUR",,"Programme opérationnel national Fonds social européen","70","Actions spécifiques pour renforcer la participation des migrants sur le marché du travail..."
"GIP - FCIP de l'académie de Aix-Marseille","EDGAR, Egalité, Discrimination, GRH, Adaptation, Réseau",45547,24442,"FONDS SOCIAL EUROPEEN","PROVENCE-ALPES-COTE D´AZUR",,"Programme opérationnel national Fonds social européen","80","Promouvoir les partenariats, les pactes et les initiatives par la mise en réseau des acteurs concernés"
"GIP FCIP de l'Académie de Paris","EDGAR Egalité, discrimination, GRH, adaptation, réseau",52531,28891,"FONDS SOCIAL EUROPEEN","ILE-DE-FRANCE",,"Programme opérationnel national Fonds social européen","70","Actions spécifiques pour renforcer la participation des migrants sur le marché du travail..."
"GIP FCIP de l'Académie de Paris","EDGAR Egalité, discrimination, GRH, adaptation, réseau",52531,28891,"FONDS SOCIAL EUROPEEN","ILE-DE-FRANCE",,"Programme opérationnel national Fonds social européen","80","Promouvoir les partenariats, les pactes et les initiatives par la mise en réseau des acteurs concernés"
"Groupement d'établissements parisiens pour les techniques et les sciences (GRETA GEPS)","PlastiEUCAM / GRETA GEPS",45000,24750,"FONDS SOCIAL EUROPEEN","999",,"Programme opérationnel national Fonds social européen","73","Mesures pour renforcer la participation dans l'éducation et la formation tout au long de la vie..."
"Groupement d'établissements parisiens pour les techniques et les sciences (GRETA GEPS)","PlastiEUCAM / GRETA GEPS",45000,24750,"FONDS SOCIAL EUROPEEN","999",,"Programme opérationnel national Fonds social européen","80","Promouvoir les partenariats, les pactes et les initiatives par la mise en réseau des acteurs concernés"
"Groupement d'intérêt public formation continue, insertion professionnelle de l'académie de Créteil","EDGAR : Egalité, discrimination, GRH, adaptation, réseau (échange et développement d'outils de lutte",50280,27654,"FONDS SOCIAL EUROPEEN","999",,"Programme opérationnel national Fonds social européen","69","Mesures pour améliorer l'accès à l'emploi et renforcer la participation durable et la progression des femmes..."
"Groupement d'intérêt public formation continue, insertion professionnelle de l'académie de Créteil","EDGAR : Egalité, discrimination, GRH, adaptation, réseau (échange et développement d'outils de lutte",50280,27654,"FONDS SOCIAL EUROPEEN","999",,"Programme opérationnel national Fonds social européen","80","Promouvoir les partenariats, les pactes et les initiatives par la mise en réseau des acteurs concernés"
"Haute-Normandie Active","Développement et intégration dans l'économie locale des entreprenariats d'insertion, d'utilité sociale et de solidarité",149367,45000,"FONDS SOCIAL EUROPEEN","HAUTE-NORMANDIE",,"Programme opérationnel national Fonds social européen","68","Aide au travail indépendant et à la création d'entreprise"
"Hauts-de-Seine Initiative","Développement et intégration dans l'économie locale des entreprenariats d'insertion, d'utilité sociale et de solidarité",455374,130000,"FONDS SOCIAL EUROPEEN","ILE-DE-FRANCE",,"Programme opérationnel national Fonds social européen","68","Aide au travail indépendant et à la création d'entreprise"
"IMS-Entreprendre pour la Cité","Ensemble contre les discriminations dans l'emploi",190000,95000,"FONDS SOCIAL EUROPEEN","Multiregion","Multilocalisation","Programme opérationnel national Fonds social européen","71","Parcours d'insertion et de retour à l'emploi pour les personnes défavorisées..."
"IMS-Entreprendre pour la Cité","Ensemble contre les discriminations dans l'emploi",190000,95000,"FONDS SOCIAL EUROPEEN","Multiregion","Multilocalisation","Programme opérationnel national Fonds social européen","80","Promouvoir les partenariats, les pactes et les initiatives par la mise en réseau des acteurs concernés"
"Initiative emploi dauphiné vivarais (IEDV)","Développement et int gration dans l'économie locale des entreprenariats d'insertion, d'utilité sociale et de solidarité",322518,120000,"FONDS SOCIAL EUROPEEN","RHONE-ALPES",,"Programme opérationnel national Fonds social européen","68","Aide au travail indépendant et à la création d'entreprise"
"Inseraction 62","Développement et intégration dans l'économie locale des entreprenariats d'insertion, d'utilité sociale et de solidarité",467005,175000,"FONDS SOCIAL EUROPEEN","NORD-PAS-DE-CALAIS",,"Programme opérationnel national Fonds social européen","68","Aide au travail indépendant et à la création d'entreprise"
"Insertion Poitou-Charentes Active","Développement et intégration dans l'économie locale des entreprenariats d'insertion, d'utilité sociale et de solidarité",196600,25600,"FONDS SOCIAL EUROPEEN","POITOU-CHARENTES",,"Programme opérationnel national Fonds social européen","68","Aide au travail indépendant et à la création d'entreprise"
"Institut supérieur des sciences agronomiques, agroalimentaires, horticoles et du paysage (AGROCAMPUS OUEST CENTRE DE RENNES)","Participation d'AGROCAMPUS au PNAI dans l'enseignement et la formation professionnelle agricoles publics",699703,303193,"FONDS SOCIAL EUROPEEN","999",,"Programme opérationnel national Fonds social européen",,
"INTERAFOCG Inter Association de Formation Collective à la Gestion","La créativité au secours de la crise",88399,45761,"FONDS SOCIAL EUROPEEN","Multiregion","Multilocalisation","Programme opérationnel national Fonds social européen","64","Développement de services spécifiques d'emploi, de formation et de soutien dans le contexte de restructuration sectorielle..."
"INTERAFOCG Inter Association de Formation Collective à la Gestion","La créativité au secours de la crise",88399,45761,"FONDS SOCIAL EUROPEEN","Multiregion","Multilocalisation","Programme opérationnel national Fonds social européen","80","Promouvoir les partenariats, les pactes et les initiatives par la mise en réseau des acteurs concernés"
"Limousin insertion développement économique (LIDE)","Développement et intégration dans l'économie locale des entreprenariats d'insertion, d'utilité sociale et de solidarité",237611,65000,"FONDS SOCIAL EUROPEEN","LIMOUSIN",,"Programme opérationnel national Fonds social européen","68","Aide au travail indépendant et à la création d'entreprise"
"Lorraine Active","Développement et intégration dans l'économie locale des entreprenariats d'insertion, d'utilité sociale et de solidarité",187112,47413,"FONDS SOCIAL EUROPEEN","LORRAINE",,"Programme opérationnel national Fonds social européen","68","Aide au travail indépendant et à la création d'entreprise"
"MCAE Isère Active","Développement et intégration dans l'économie locale des entreprenariats d'insertion, d'utilité sociale et de solidarité",178589,60000,"FONDS SOCIAL EUROPEEN","RHONE-ALPES",,"Programme opérationnel national Fonds social européen","68","Aide au travail indépendant et à la création d'entreprise"
"Midi-Pyrénées Actives","Développement et intégration dans l'économie locale des entreprenariats d'insertion, d'utilité sociale et de solidarité",157621,40000,"FONDS SOCIAL EUROPEEN","MIDI-PYRENEES",,"Programme opérationnel national Fonds social européen","68","Aide au travail indépendant et à la création d'entreprise"
"Nord Actif","Développement et intégration dans l'économie locale des entreprenariats d'insertion, d'utilité sociale et de solidarité",333746,70000,"FONDS SOCIAL EUROPEEN","NORD-PAS-DE-CALAIS",,"Programme opérationnel national Fonds social européen","68","Aide au travail indépendant et à la création d'entreprise"
"OFAJ Office Franc-Allemand pour la Jeunesse","Programme de qualification transnationale de jeunes à la recherche d'emploi et/ou menacés par le chômage",161137,88625,"FONDS SOCIAL EUROPEEN","999",,"Programme opérationnel national Fonds social européen","73","Mesures pour renforcer la participation dans l'éducation et la formation tout au long de la vie..."
"OFAJ Office Franc-Allemand pour la Jeunesse","Programme de qualification transnationale de jeunes à la recherche d'emploi et/ou menacés par le chômage",161137,88625,"FONDS SOCIAL EUROPEEN","999",,"Programme opérationnel national Fonds social européen","80","Promouvoir les partenariats, les pactes et les initiatives par la mise en réseau des acteurs concernés"
"Office de l'environnement de la Corse","Formation aux nouveaux métiers du patrimoine et insertion sociale professionnelle de personnes à bas",90988,50043,"FONDS SOCIAL EUROPEEN","CORSE",,"Programme opérationnel national Fonds social européen","71","Parcours d'insertion et de retour à l'emploi pour les personnes défavorisées..."
"Office de l'environnement de la Corse","Formation aux nouveaux métiers du patrimoine et insertion sociale professionnelle de personnes à bas",90988,50043,"FONDS SOCIAL EUROPEEN","CORSE",,"Programme opérationnel national Fonds social européen","80","Promouvoir les partenariats, les pactes et les initiatives par la mise en réseau des acteurs concernés"
"OPALE","CNAR Culture",1050823,405823,"FONDS SOCIAL EUROPEEN","999",,"Programme opérationnel national Fonds social européen","80","Promouvoir les partenariats, les pactes et les initiatives par la mise en réseau des acteurs concernés"
"OPCALIA","Appui conseil et accompagnement du partenariat FSE/OPCALIA sur les territoires (2008/2010)",319500,223650,"FONDS SOCIAL EUROPEEN","999",,"Programme opérationnel national Fonds social européen","86","Evaluation et études; information et communication"
"OPCALIA","Extension territoriale du contrat de transition professionnelle sur la période 2009/2010",10700000,5700000,"FONDS SOCIAL EUROPEEN","999",,"Programme opérationnel national Fonds social européen","64","Développement de services spécifiques d'emploi, de formation et de soutien dans le contexte de restructuration sectorielle..."
"Paris Initiatives Entreprises","Développement et intégration dans l'économie locale des entreprenariats d'insertion, d'utilité sociale et de solidarité",509601,100000,"FONDS SOCIAL EUROPEEN","ILE-DE-FRANCE",,"Programme opérationnel national Fonds social européen","68","Aide au travail indépendant et à la création d'entreprise"
"Picardie Active","Développement et intégration dans l'économie locale des entreprenariats d'insertion, d'utilité sociale et de solidarité",177517,45000,"FONDS SOCIAL EUROPEEN","PICARDIE",,"Programme opérationnel national Fonds social européen","68","Aide au travail indépendant et à la création d'entreprise"
"Plate-forme migrants et citoyenneté européenne (PMC)","Métissage Interculturel et Européen (MIE) -  Evoluons ensemble ",206784,113731,"FONDS SOCIAL EUROPEEN","Multiregion","Multilocalisation","Programme opérationnel national Fonds social européen","71","Parcours d'insertion et de retour à l'emploi pour les personnes défavorisées..."
"Plate-forme migrants et citoyenneté européenne (PMC)","Métissage Interculturel et Européen (MIE) -  Evoluons ensemble ",206784,113731,"FONDS SOCIAL EUROPEEN","Multiregion","Multilocalisation","Programme opérationnel national Fonds social européen","80","Promouvoir les partenariats, les pactes et les initiatives par la mise en réseau des acteurs concernés"
"Prisme 95","Développement et intégration dans l'économie locale des entreprenariats d'insertion, d'utilité sociale et de solidarité",389088,167000,"FONDS SOCIAL EUROPEEN","ILE-DE-FRANCE",,"Programme opérationnel national Fonds social européen","68","Aide au travail indépendant et à la création d'entreprise"
"Réseau d'appui et de capitalisation des innovations européennes (RACINE)","Assistance technique aux organisations membres du CA de Racine",171339,171339,"FONDS SOCIAL EUROPEEN","999",,"Programme opérationnel national Fonds social européen","86","Evaluation et études; information et communication"
"Réseau d'appui et de capitalisation des innovations européennes (RACINE)","Mise en place, dans le cadre du FSE, de projets innovants portés par les organisations membres du CA",160757,160757,"FONDS SOCIAL EUROPEEN","999",,"Programme opérationnel national Fonds social européen","80","Promouvoir les partenariats, les pactes et les initiatives par la mise en réseau des acteurs concernés"
"Réseau d'appui et de capitalisation des innovations européennes (RACINE)","OI FSE transnationalité ANIMATION",1011200,1011200,"FONDS SOCIAL EUROPEEN","999",,"Programme opérationnel national Fonds social européen","80","Promouvoir les partenariats, les pactes et les initiatives par la mise en réseau des acteurs concernés"
"Réseau d'appui et de capitalisation des innovations européennes (RACINE)","OI FSE transnationalité ASSISTANCE TECHNIQUE",1350000,1350000,"FONDS SOCIAL EUROPEEN","999",,"Programme opérationnel national Fonds social européen",,
"Réseau d'appui et de capitalisation des innovations européennes (RACINE)","Subvention globale du réseau d'appui et de capitalisation des innovations européennes (RACINE)",25895700,14850000,"FONDS SOCIAL EUROPEEN","ILE-DE-FRANCE",,"Programme opérationnel national Fonds social européen","86","Evaluation et études; information et communication"
"Réseau des boutiques de gestion (RBG)","Aux côtés de celles et ceux qui entreprennent ou entreprendront demain",2968582,840000,"FONDS SOCIAL EUROPEEN","999",,"Programme opérationnel national Fonds social européen","68","Aide au travail indépendant et à la création d'entreprise"
"Réseau Entreprendre","Développer la proximité et la qualité des services aux créateurs/repreneurs et renforcer la dimensio",4414839,1765935,"FONDS SOCIAL EUROPEEN","999",,"Programme opérationnel national Fonds social européen","68","Aide au travail indépendant et à la création d'entreprise"
"Rhône développement initiatives","Développement et intégration dans l'économie locale des entreprenariats d'insertion, d'utilité sociale et de solidarité",281891,30000,"FONDS SOCIAL EUROPEEN","RHONE-ALPES",,"Programme opérationnel national Fonds social européen","68","Aide au travail indépendant et à la création d'entreprise"
"Seine Amont Initiative","Développement et intégration dans l'économie locale des entreprenariats d'insertion, d'utilité sociale et de solidarité",228092,50944,"FONDS SOCIAL EUROPEEN","ILE-DE-FRANCE",,"Programme opérationnel national Fonds social européen","68","Aide au travail indépendant et à la création d'entreprise"
"Société financière de La Nef","Banque Ethique Coopérative Européenne",224157,,"FONDS SOCIAL EUROPEEN","999",,"Programme opérationnel national Fonds social européen","68","Aide au travail indépendant et à la création d'entreprise"
"Société financière de La Nef","Banque Ethique Coopérative Européenne",224157,,"FONDS SOCIAL EUROPEEN","999",,"Programme opérationnel national Fonds social européen","80","Promouvoir les partenariats, les pactes et les initiatives par la mise en réseau des acteurs concernés"
"Union des couveuses d'entreprises","Développement de coopératves dédiées aux services à la personne, intégrant la phase de test",152634,83948,"FONDS SOCIAL EUROPEEN","Multiregion","Multilocalisation","Programme opérationnel national Fonds social européen","68","Aide au travail indépendant et à la création d'entreprise"
"Union des couveuses d'entreprises","Développement de coopératves dédiées aux services à la personne, intégrant la phase de test",152634,83948,"FONDS SOCIAL EUROPEEN","Multiregion","Multilocalisation","Programme opérationnel national Fonds social européen","80","Promouvoir les partenariats, les pactes et les initiatives par la mise en réseau des acteurs concernés"
"Union des couveuses d'entreprises","Structuration du réseau",666669,300000,"FONDS SOCIAL EUROPEEN","999",,"Programme opérationnel national Fonds social européen","68","Aide au travail indépendant et à la création d'entreprise"
"Union interprofessionnelle régionale CFDT Rhône-Alpes","Bien être au travail",23159,10653,"FONDS SOCIAL EUROPEEN","999",,"Programme opérationnel national Fonds social européen","66","Mise en oeuvre de mesures actives et préventives sur le marché de l'emploi"
"Union interprofessionnelle régionale CFDT Rhône-Alpes","Bien être au travail",23159,10653,"FONDS SOCIAL EUROPEEN","999",,"Programme opérationnel national Fonds social européen","80","Promouvoir les partenariats, les pactes et les initiatives par la mise en réseau des acteurs concernés"
"Union nationale des centre permanent dinitiatives pour lenvironnement (UNCPIE)","CNAR Environnement",816847,428679,"FONDS SOCIAL EUROPEEN","999",,"Programme opérationnel national Fonds social européen","80","Promouvoir les partenariats, les pactes et les initiatives par la mise en réseau des acteurs concernés"
"Union nationale des syndicats autonomes (UNSA)","Ouvrir le collectif de travail à tous : décronstruire les préjugés et accepter les différences",164499,89000,"FONDS SOCIAL EUROPEEN","999",,"Programme opérationnel national Fonds social européen","66","Mise en oeuvre de mesures actives et préventives sur le marché de l'emploi"
"Union nationale des syndicats autonomes (UNSA)","Ouvrir le collectif de travail à tous : décronstruire les préjugés et accepter les différences",164499,89000,"FONDS SOCIAL EUROPEEN","999",,"Programme opérationnel national Fonds social européen","80","Promouvoir les partenariats, les pactes et les initiatives par la mise en réseau des acteurs concernés"
"UNIOPSS","CNAR Social",884028,311028,"FONDS SOCIAL EUROPEEN","999",,"Programme opérationnel national Fonds social européen","80","Promouvoir les partenariats, les pactes et les initiatives par la mise en réseau des acteurs concernés"
